RNA_ID,Sequence,Probability
MIMAT0000255,UGGCAGUGUCUUAGCUGGUUGU,0.92848945
MIMAT0000100,UAGCACCAUUUGAAAUCAGUGUU,0.9092792
MIMAT0000076,UAGCUUAUCAGACUGAUGUUGA,0.7908063
MIMAT0000069,UAGCAGCACGUAAAUAUUGGCG,0.7784911
MIMAT0001631,AAACCGUUACCAUUACUGAGUU,0.76774484
MIMAT0000449,UGAGAACUGAAUUCCAUGGGUU,0.7341347
MIMAT0000256,AACAUUCAACGCUGUCGGUGAGU,0.7313357
MIMAT0000070,CAAAGUGCUUACAGUGCAGGUAG,0.672304
MIMAT0000278,AGCUACAUUGUCUGCUGGGUUUC,0.61065125
MIMAT0000439,UUGCAUAGUCACAAAAGUGAUC,0.5969359
MIMAT0000078,AUCACAUUGCCAGGGAUUUCC,0.5881693
MIMAT0000103,AAAAGUGCUUACAGUGCAGGUAG,0.58477694
MIMAT0000279,AGCUACAUCUGGCUACUGGGU,0.56605846
MIMAT0000430,AGCUGGUGUUGUGAAUCAGGCCG,0.5506967
MIMAT0000257,AACAUUCAUUGCUGUCGGUGGGU,0.5471164
MIMAT0000259,UUUGGCAAUGGUAGAACUCACACU,0.54238075
MIMAT0000617,UAAUACUGCCGGGUAAUGAUGGA,0.53659356
MIMAT0000418,AUCACAUUGCCAGGGAUUACCAC,0.53300065
MIMAT0000461,UAGCAGCACAGAAAUAUUGGC,0.5277597
MIMAT0000424,UCACAGUGAACCGGUCUCUUU,0.51763135
MIMAT0001541,UGGCAGUGUAUUGUUAGCUGGU,0.49573737
MIMAT0000760,GCCCCUGGGCCUAUCCUAGAA,0.49186137
MIMAT0003299,AGUAUUCUGUACCAGGGAAGGU,0.47361898
MIMAT0000089,AGGCAAGAUGCUGGCAUAGCU,0.44435328
MIMAT0000437,GUCCAGUUUUCCCAGGAAUCCCU,0.44275966
MIMAT0004676,CAAUCACUAACUCCACUGCCAU,0.4354936
MIMAT0000086,UAGCACCAUCUGAAAUCGGUUA,0.43263173
MIMAT0000423,UCCCUGAGACCCUAACUUGUGA,0.40679422
MIMAT0000646,UUAAUGCUAAUCGUGAUAGGGGUU,0.40402904
MIMAT0000075,UAAAGUGCUUAUAGUGCAGGUAG,0.3789358
