compound_iso_smiles,target_sequence,affinity
CCCC(CCC)C(=O)O,UGAGGUAGUAGGUUGUAUAGUU,0
CCCC(CCC)C(=O)O,CUAUACAAUCUACUGUCUUUC,0
CCCC(CCC)C(=O)O,CUGUACAGCCUCCUAGCUUUCC,0
CCCC(CCC)C(=O)O,CUAUACAACCUACUGCCUUCCC,0
CCCC(CCC)C(=O)O,UGAGGUAGUAGGUUGUGUGGUU,0
CCCC(CCC)C(=O)O,CUGUACAACCUUCUAGCUUUCC,0
CCCC(CCC)C(=O)O,UGAGGUAGUAGGUUGUAUGGUU,0
CCCC(CCC)C(=O)O,CUAUACGACCUGCUGCCUUUCU,0
CCCC(CCC)C(=O)O,AGAGGUAGUAGGUUGCAUAGUU,0
CCCC(CCC)C(=O)O,CUAUACGGCCUCCUAGCUUUCC,0
CCCC(CCC)C(=O)O,UGAGGUAGGAGGUUGUAUAGUU,0
CCCC(CCC)C(=O)O,CUAUACAAUCUAUUGCCUUCCC,0
CCCC(CCC)C(=O)O,CUAUACAGUCUACUGUCUUUCC,0
CCCC(CCC)C(=O)O,UGAGGUAGUAGAUUGUAUAGUU,0
CCCC(CCC)C(=O)O,UGAGGUAGUAGUUUGUACAGUU,0
CCCC(CCC)C(=O)O,CUGCGCAAGCUACUGCCUUGCU,0
CCCC(CCC)C(=O)O,UGAGGUAGUAGUUUGUGCUGUU,0
CCCC(CCC)C(=O)O,UGGAAUGUAAAGAAGUAUGUAU,0
CCCC(CCC)C(=O)O,CAAGCUUGUAUCUAUAGGUAUG,0
CCCC(CCC)C(=O)O,AACCCGUAGAUCCGAACUUGUG,0
CCCC(CCC)C(=O)O,UACAGUACUGUGAUAACUGAA,0
CCCC(CCC)C(=O)O,CAGUUAUCACAGUGCUGAUGCU,0
CCCC(CCC)C(=O)O,AGCUUCUUUACAGUGCUGCCUUG,0
CCCC(CCC)C(=O)O,AGCAGCAUUGUACAGGGCUAUGA,0
CCCC(CCC)C(=O)O,UCAUAGCCCUGUACAAUGCUGCU,0
CCCC(CCC)C(=O)O,ACGGAUGUUUGAGCAUGUGCUA,0
CCCC(CCC)C(=O)O,UCAAAUGCUCAGACUCCUGUGGU,0
CCCC(CCC)C(=O)O,CUGCAAUGUAAGCACUUCUUAC,0
CCCC(CCC)C(=O)O,AAAAGUGCUUACAGUGCAGGUAG,0
CCCC(CCC)C(=O)O,CCGCACUGUGGGUACUUGCUGC,0
CCCC(CCC)C(=O)O,UAAAGUGCUGACAGUGCAGAU,0
CCCC(CCC)C(=O)O,AGCAGCAUUGUACAGGGCUAUCA,0
CCCC(CCC)C(=O)O,CAAAUUCGUAUCUAGGGGAAUA,0
CCCC(CCC)C(=O)O,UACCCUGUAGAUCCGAAUUUGUG,0
CCCC(CCC)C(=O)O,ACAGAUUCGAUUCUAGGGGAAU,0
CCCC(CCC)C(=O)O,UACCCUGUAGAACCGAAUUUGUG,0
CCCC(CCC)C(=O)O,UUGCUCACUGUUCUUCCCUAG,0
CCCC(CCC)C(=O)O,AAGCAUUCUUUCAUUGGUUGG,0
CCCC(CCC)C(=O)O,UUUCCGGCUCGCGUGGGUGUGU,0
CCCC(CCC)C(=O)O,CCGUCGCCGCCACCCGAGCCG,0
CCCC(CCC)C(=O)O,GAGGGUCUUGGGAGGGAUGUGAC,0
CCCC(CCC)C(=O)O,CACUGUAGGUGAUGGUGAGAGUGGGCA,0
CCCC(CCC)C(=O)O,AUAUACAGGGGGAGACUCUUAU,0
CCCC(CCC)C(=O)O,AUAUACAGGGGGAGACUCUCAU,0
CCCC(CCC)C(=O)O,UAGGACACAUGGUCUACUUCU,0
CCCC(CCC)C(=O)O,CUCCUGAGCCAUUCUGAGCCUC,0
CCCC(CCC)C(=O)O,GUGCCAGCUGCAGUGGGGGAG,0
CCCC(CCC)C(=O)O,CCCGGAGCCAGGAUGCAGCUC,0
CCCC(CCC)C(=O)O,UCGUGGCCUGGUCUCCAUUAU,0
CCCC(CCC)C(=O)O,UCUGCAGGGUUUGCUUUGAG,0
CCCC(CCC)C(=O)O,UGUUCAUGUAGAUGUUUAAGC,0
CCCC(CCC)C(=O)O,UCAGCUGGCCCUCAUUUC,0
CCCC(CCC)C(=O)O,UGGCAGGGAGGCUGGGAGGGG,0
CCCC(CCC)C(=O)O,UCACUGUUCAGACAGGCGGA,0
CCCC(CCC)C(=O)O,GAAAAAGUCAUGGAGGCC,0
CCCC(CCC)C(=O)O,AACGCCAUUAUCACACUAAAUA,0
CCCC(CCC)C(=O)O,UGGAGUGUGACAAUGGUGUUUG,0
CCCC(CCC)C(=O)O,CCCCACCUCCUCUCUCCUCAG,0
CCCC(CCC)C(=O)O,GUGAGGACUCGGGAGGUGG,0
CCCC(CCC)C(=O)O,UGAGCCCCUGUGCCGCCCCCAG,0
CCCC(CCC)C(=O)O,GUGGGUACGGCCCAGUGGGGGG,0
CCCC(CCC)C(=O)O,UCACCAGCCCUGUGUUCCCUAG,0
CCCC(CCC)C(=O)O,GUGAGGGCAUGCAGGCCUGGAUGGGG,0
CCCC(CCC)C(=O)O,GUGGGGCCAGGCGGUGG,0
CCCC(CCC)C(=O)O,UCACACCUGCCUCGCCCCCC,0
CCCC(CCC)C(=O)O,GUGGGCGGGGGCAGGUGUGUG,0
CCCC(CCC)C(=O)O,CUCUCACCACUGCCCUCCCACAG,0
CCCC(CCC)C(=O)O,GUGGGUAGGGUUUGGGGGAGAGCG,0
CCCC(CCC)C(=O)O,AAACACCAUUGUCACACUCCAC,0
CCCC(CCC)C(=O)O,UUUAGUGUGAUAAUGGCGUUUGA,0
CCCC(CCC)C(=O)O,GUGUCUGGGCGGACAGCUGC,0
CCCC(CCC)C(=O)O,UGAGCCCUGUCCUCCCGCAG,0
CCCC(CCC)C(=O)O,AGUGGGAGGCCAGGGCACGGCA,0
CCCC(CCC)C(=O)O,UCGGCCUGACCACCCACCCCAC,0
CCCC(CCC)C(=O)O,CCUCUUCCCCUUGUCUCUCCAG,0
CCCC(CCC)C(=O)O,UGAGUGACAGGGGAAAUGGGGA,0
CCCC(CCC)C(=O)O,UCCUUCUGCUCCGUCCCCCAG,0
CCCC(CCC)C(=O)O,CGGGGGCGGGGCCGAAGCGCG,0
CCCC(CCC)C(=O)O,CUUCCUCGUCUGUCUGCCCC,0
CCCC(CCC)C(=O)O,UAAGGCACGCGGUGAAUGCCAA,0
CCCC(CCC)C(=O)O,CGUGUUCACAGCGGACCUUGAU,0
CCCC(CCC)C(=O)O,AACUGGAUCAAUUAUAGGAGUG,0
CCCC(CCC)C(=O)O,AAGUAGUUGGUUUGUAUGAGAUGGUU,0
CCCC(CCC)C(=O)O,AAGUGAUCUAAAGGCCUACAU,0
CCCC(CCC)C(=O)O,UCAGAUGAUCUAAAGGCCUAUA,0
CCCC(CCC)C(=O)O,UAGGCCUUUAGAUCACUUAAA,0
CCCC(CCC)C(=O)O,AAUGGAUUUUUGGAGCAGG,0
CCCC(CCC)C(=O)O,CCCCGGGAACGUCGAGACUGGAGC,0
CCCC(CCC)C(=O)O,ACCCGUCCCGUUCGUCCCCGGA,0
CCCC(CCC)C(=O)O,ACCUUCUUGUAUAAGCACUGUGCUAAA,0
CCCC(CCC)C(=O)O,ACGCCCUUCCCCCCCUUCUUCA,0
CCCC(CCC)C(=O)O,ACGGUGCUGGAUGUGGCCUUU,0
CCCC(CCC)C(=O)O,AGAAGGAAAUUGAAUUCAUUUA,0
CCCC(CCC)C(=O)O,AGAGAAGAAGAUCAGCCUGCA,0
CCCC(CCC)C(=O)O,AGGAUGAGCAAAGAAAGUAGAUU,0
CCCC(CCC)C(=O)O,CGGAUGAGCAAAGAAAGUGGUU,0
CCCC(CCC)C(=O)O,AGGCAUUGACUUCUCACUAGCU,0
CCCC(CCC)C(=O)O,AGUGAAUGAUGGGUUCUGACC,0
CCCC(CCC)C(=O)O,AGUUAGGAUUAGGUCGUGGAA,0
CCCC(CCC)C(=O)O,ACAGGUGAGGUUCUUGGGAGCC,0
CCCC(CCC)C(=O)O,UCCCUGAGACCCUUUAACCUGUGA,0
CCCC(CCC)C(=O)O,ACGGGUUAGGCUCUUGGGAGCU,0
CCCC(CCC)C(=O)O,UCCCUGAGACCCUAACUUGUGA,0
CCCC(CCC)C(=O)O,UCACAAGUCAGGCUCUUGGGAC,0
CCCC(CCC)C(=O)O,UCGUACCGUGAGUAAUAAUGCG,0
CCCC(CCC)C(=O)O,CAUUAUUACUUUUGGUACGCG,0
CCCC(CCC)C(=O)O,AUCCCACCUCUGCCACCA,0
CCCC(CCC)C(=O)O,AUCCCACCACUGCCACCAU,0
CCCC(CCC)C(=O)O,AUGGAUAAGGCUUUGGCUU,0
CCCC(CCC)C(=O)O,AUGGGUGAAUUUGUAGAAGGAU,0
CCCC(CCC)C(=O)O,CAAGUCUUAUUUGAGCACCUGUU,0
CCCC(CCC)C(=O)O,CAGGAUGUGGUCAAGUGUUGUU,0
CCCC(CCC)C(=O)O,CCUCAGGGCUGUAGAACAGGGCU,0
CCCC(CCC)C(=O)O,CCUGUUGAAGUGUAAUCCCCA,0
CCCC(CCC)C(=O)O,CGGGCGUGGUGGUGGGGG,0
CCCC(CCC)C(=O)O,CGGGCGUGGUGGUGGGGGUG,0
CCCC(CCC)C(=O)O,CUGGACUGAGCCGUGCUACUGG,0
CCCC(CCC)C(=O)O,CUGGACUGAGCCAUGCUACUGG,0
CCCC(CCC)C(=O)O,UCGGAUCCGUCUGAGCUUGGCU,0
CCCC(CCC)C(=O)O,CUGAAGCUCAGAGGGCUCUGAU,0
CCCC(CCC)C(=O)O,CUGGAGAUAUGGAAGAGCUGUGU,0
CCCC(CCC)C(=O)O,AGUGCCUGCUAUGUGCCAGGCA,0
CCCC(CCC)C(=O)O,CUUGGCACCUAGCAAGCACUCA,0
CCCC(CCC)C(=O)O,GAUGAUGAUGGCAGCAAAUUCUGAAA,0
CCCC(CCC)C(=O)O,GGCGACAAAACGAGACCCUGUC,0
CCCC(CCC)C(=O)O,CUGGGAGGUCAAGGCUGCAGU,0
CCCC(CCC)C(=O)O,GUGGGGGAGAGGCUGUC,0
CCCC(CCC)C(=O)O,UAAAGAGCCCUGUGGAGACA,0
CCCC(CCC)C(=O)O,UACGUAGAUAUAUAUGUAUUUU,0
CCCC(CCC)C(=O)O,UAGUACUGUGCAUAUCAUCUAU,0
CCCC(CCC)C(=O)O,UCAUAUUGCUUCUUUCU,0
CCCC(CCC)C(=O)O,GGGGGCCGAUACACUGUACGAGA,0
CCCC(CCC)C(=O)O,UCACAGUGAACCGGUCUCUUU,0
CCCC(CCC)C(=O)O,UCGCCUCCUCCUCUCCC,0
CCCC(CCC)C(=O)O,UCUACAAAGGAAAGCGCUUUCU,0
CCCC(CCC)C(=O)O,UCUAUACAGACCCUGGCUUUUC,0
CCCC(CCC)C(=O)O,UCUGGGCAACAAAGUGAGACCU,0
CCCC(CCC)C(=O)O,GAUCUCACUUUGUUGCCCAGG,0
CCCC(CCC)C(=O)O,UGCUGGAUCAGUGGUUCGAGUC,0
CCCC(CCC)C(=O)O,UGGACUGCCCUGAUCUGGAGA,0
CCCC(CCC)C(=O)O,UGGAGUCCAGGAAUCUGCAUUUU,0
CCCC(CCC)C(=O)O,AAGCCCUUACCCCAAAAAGUAU,0
CCCC(CCC)C(=O)O,CUUUUUGCGGUCUGGGCUUGC,0
CCCC(CCC)C(=O)O,AAGCCCUUACCCCAAAAAGCAU,0
CCCC(CCC)C(=O)O,UGGAUUUUUGGAUCAGGGA,0
CCCC(CCC)C(=O)O,UGGCCCUGACUGAAGACCAGCAGU,0
CCCC(CCC)C(=O)O,UGGGAACGGGUUCCGGCAGACGCUG,0
CCCC(CCC)C(=O)O,UGGGUGGUCUGGAGAUUUGUGC,0
CCCC(CCC)C(=O)O,UGUGAGGUUGGCAUUGUUGUCU,0
CCCC(CCC)C(=O)O,UUAGGCCGCAGAUCUGGGUGA,0
CCCC(CCC)C(=O)O,CACCCAGAUCUGCGGCCUAAU,0
CCCC(CCC)C(=O)O,UUAGGGCCCUGGCUCCAUCUCC,0
CCCC(CCC)C(=O)O,UUCAAGUAAUUCAGGUG,0
CCCC(CCC)C(=O)O,UUCAUUCGGCUGUCCAGAUGUA,0
CCCC(CCC)C(=O)O,UUCUGGAAUUCUGUGUGAGGGA,0
CCCC(CCC)C(=O)O,UUGCAGCUGCCUGGGAGUGACUUC,0
CCCC(CCC)C(=O)O,UUGGGACAUACUUAUGCUAAA,0
CCCC(CCC)C(=O)O,UUUAGAGACGGGGUCUUGCUCU,0
CCCC(CCC)C(=O)O,UCUCACUGUAGCCUCGAACCCC,0
CCCC(CCC)C(=O)O,UUUGAGGCUACAGUGAGAUGUG,0
CCCC(CCC)C(=O)O,UUUUCAACUCUAAUGGGAGAGA,0
CCCC(CCC)C(=O)O,ACGUUGGCUCUGGUGGUG,0
CCCC(CCC)C(=O)O,CCACCUCCCCUGCAAACGUCCA,0
CCCC(CCC)C(=O)O,ACUCGGCGUGGCGUCGGUCGUG,0
CCCC(CCC)C(=O)O,UCGACCGGACCUCGACCGGCU,0
CCCC(CCC)C(=O)O,CAGUGCAAUGUUAAAAGGGCAU,0
CCCC(CCC)C(=O)O,GCUCUUUUCACAUUGUGCUACU,0
CCCC(CCC)C(=O)O,CAGUGCAAUGAUGAAAGGGCAU,0
CCCC(CCC)C(=O)O,ACUCUUUCCCUGUUGCACUAC,0
CCCC(CCC)C(=O)O,UAACAGUCUACAGCCAUGGUCG,0
CCCC(CCC)C(=O)O,ACCGUGGCUUUCGAUUGUUACU,0
CCCC(CCC)C(=O)O,CAGGGAGGUGAAUGUGAU,0
CCCC(CCC)C(=O)O,UCAAAACUGAGGGGCAUUUUCU,0
CCCC(CCC)C(=O)O,UUUGGUCCCCUUCAACCAGCUG,0
CCCC(CCC)C(=O)O,AGCUGGUAAAAUGGAACCAAAU,0
CCCC(CCC)C(=O)O,UUUGGUCCCCUUCAACCAGCUA,0
CCCC(CCC)C(=O)O,UGUGACUGGUUGACCAGAGGGG,0
CCCC(CCC)C(=O)O,CUCCUGGGGCCCGCACUCUCGC,0
CCCC(CCC)C(=O)O,UGGGGAGCGGCCCCCGGGUGGG,0
CCCC(CCC)C(=O)O,UAUAGGGAUUGGAGCCGUGGCG,0
CCCC(CCC)C(=O)O,UAUGGCUUUUUAUUCCUAUGUGA,0
CCCC(CCC)C(=O)O,AUGUAGGGCUAAAAGCCAUGGG,0
CCCC(CCC)C(=O)O,UAUGGCUUUUCAUUCCUAUGUGA,0
CCCC(CCC)C(=O)O,CAUCAUCGUCUCAAAUGAGUCU,0
CCCC(CCC)C(=O)O,ACUCCAUUUGUUUUGAUGAUGGA,0
CCCC(CCC)C(=O)O,UUAUUGCUUAAGAAUACGCGUAG,0
CCCC(CCC)C(=O)O,GCUACUUCACAACACCAGGGCC,0
CCCC(CCC)C(=O)O,AGCUGGUGUUGUGAAUCAGGCCG,0
CCCC(CCC)C(=O)O,GCUAUUUCACGACACCAGGGUU,0
CCCC(CCC)C(=O)O,UGGAGACGCGGCCCUGUUGGAGU,0
CCCC(CCC)C(=O)O,UCUACAGUGCACGUGUCUCCAGU,0
CCCC(CCC)C(=O)O,UACCACAGGGUAGAACCACGG,0
CCCC(CCC)C(=O)O,CAGUGGUUUUACCCUAUGGUAG,0
CCCC(CCC)C(=O)O,UAACACUGUCUGGUAAAGAUGG,0
CCCC(CCC)C(=O)O,CAUCUUCCAGUACAGUGUUGGA,0
CCCC(CCC)C(=O)O,UGUAGUGUUUCCUACUUUAUGGA,0
CCCC(CCC)C(=O)O,CAUAAAGUAGAAAGCACUACU,0
CCCC(CCC)C(=O)O,UGAGAUGAAGCACUGUAGCUC,0
CCCC(CCC)C(=O)O,GGUGCAGUGCUGCAUCUCUGGU,0
CCCC(CCC)C(=O)O,UACAGUAUAGAUGAUGUACU,0
CCCC(CCC)C(=O)O,GGAUAUCAUCAUAUACUGUAAG,0
CCCC(CCC)C(=O)O,GGAUUCCUGGAAAUACUGUUCU,0
CCCC(CCC)C(=O)O,GUCCAGUUUUCCCAGGAAUCCCU,0
CCCC(CCC)C(=O)O,AGCAAAAUAAGCAAAUGGAAAA,0
CCCC(CCC)C(=O)O,CUCCGUUUGCCUGUUUCGCUG,0
CCCC(CCC)C(=O)O,CUCGGCGCGGGGCGCGGGCUCC,0
CCCC(CCC)C(=O)O,CCUCUGAAAUUCAGUUCUUCAG,0
CCCC(CCC)C(=O)O,UGAGAACUGAAUUCCAUGGGUU,0
CCCC(CCC)C(=O)O,GCCCUGUGGACUCAGUUCUGGU,0
CCCC(CCC)C(=O)O,UGAGAACUGAAUUCCAUAGGCUG,0
CCCC(CCC)C(=O)O,GCCCUCCGCCCGUGCACCCCG,0
CCCC(CCC)C(=O)O,GUGUGUGGAAAUGCUUCUGC,0
CCCC(CCC)C(=O)O,GUGUGCGGAAAUGCUUCUGCU,0
CCCC(CCC)C(=O)O,UCAGUGCACUACAGAACUUUGU,0
CCCC(CCC)C(=O)O,AAAGUUCUGAGACACUCCGACU,0
CCCC(CCC)C(=O)O,UCAGUGCAUCACAGAACUUUGU,0
CCCC(CCC)C(=O)O,AAGUUCUGUUAUACACUCAGGC,0
CCCC(CCC)C(=O)O,AGGGAGGGACGGGGGCUGUGC,0
CCCC(CCC)C(=O)O,UCUGGCUCCGUGUCUUCACUCCC,0
CCCC(CCC)C(=O)O,CUGGUACAGGCCUGGGGGACAG,0
CCCC(CCC)C(=O)O,UCUCCCAACCCUUGUACCAGUG,0
CCCC(CCC)C(=O)O,CUAGACUGAAGCUCCUUGAGG,0
CCCC(CCC)C(=O)O,UCGAGGAGCUCACAGUCUAGU,0
CCCC(CCC)C(=O)O,UCGAGGAGCUCACAGUCU,0
CCCC(CCC)C(=O)O,UCAGUGCAUGACAGAACUUGG,0
CCCC(CCC)C(=O)O,AGGUUCUGUGAUACACUCCGACU,0
CCCC(CCC)C(=O)O,UUGCAUAGUCACAAAAGUGAUC,0
CCCC(CCC)C(=O)O,UCAUUUUUGUGAUGUUGCAGCU,0
CCCC(CCC)C(=O)O,AAAACCGUCUAGUUACAGUUGU,0
CCCC(CCC)C(=O)O,AGCUGUAAUUAGUCAGUUUUCU,0
CCCC(CCC)C(=O)O,CGGCCCGGGCUGCUGCUGUUCCU,0
CCCC(CCC)C(=O)O,UCCUGCGCGUCCCAGAUGCCC,0
CCCC(CCC)C(=O)O,AAUCAUACACGGUUGACCUAUU,0
CCCC(CCC)C(=O)O,UAGGUUAUCCGUGUUGCCUUCG,0
CCCC(CCC)C(=O)O,CUCCUACAUAUUAGCAUUAACA,0
CCCC(CCC)C(=O)O,UUAAUGCUAAUCGUGAUAGGGGUU,0
CCCC(CCC)C(=O)O,UUGGGCUGGGCUGGGUUGGG,0
CCCC(CCC)C(=O)O,CAGGCCAUAUUGUGCUGCCUCA,0
CCCC(CCC)C(=O)O,UAGCAGCACAUAAUGGUUUGUG,0
CCCC(CCC)C(=O)O,CGAAUCAUUAUUUGCUGCUCUA,0
CCCC(CCC)C(=O)O,UAGCAGCACAUCAUGGUUUACA,0
CCCC(CCC)C(=O)O,CCAGUAUUAACUGUGCUGCUGA,0
CCCC(CCC)C(=O)O,UAGCAGCACGUAAAUAUUGGCG,0
CCCC(CCC)C(=O)O,CCAAUAUUACUGUGCUGCUUUA,0
CCCC(CCC)C(=O)O,ACUGCAGUGAAGGCACUUGUAG,0
CCCC(CCC)C(=O)O,CAAAGUGCUUACAGUGCAGGUAG,0
CCCC(CCC)C(=O)O,ACCAUCGACCGUUGAUUGUACC,0
CCCC(CCC)C(=O)O,AACAUUCAACGCUGUCGGUGAGU,0
CCCC(CCC)C(=O)O,ACCACUGACCGUUGACUGUACC,0
CCCC(CCC)C(=O)O,AACAUUCAUUGCUGUCGGUGGGU,0
CCCC(CCC)C(=O)O,CUCACUGAUCAAUGAAUGCA,0
CCCC(CCC)C(=O)O,AACCAUCGACCGUUGAGUGGAC,0
CCCC(CCC)C(=O)O,AACAUUCAACCUGUCGGUGAGU,0
CCCC(CCC)C(=O)O,AACAUUCAUUGUUGUCGGUGGGU,0
CCCC(CCC)C(=O)O,UGGUUCUAGACUUGCCAACUA,0
CCCC(CCC)C(=O)O,UUUGGCAAUGGUAGAACUCACACU,0
CCCC(CCC)C(=O)O,UCCAGUGCCCUCCUCUCC,0
CCCC(CCC)C(=O)O,GUGAAUUACCGAAGGGCCAUAA,0
CCCC(CCC)C(=O)O,UAUGGCACUGGUAGAAUUCACU,0
CCCC(CCC)C(=O)O,UGGACGGAGAACUGAUAAGGGU,0
CCCC(CCC)C(=O)O,AGGGGCUGGCUUUCCUCUGGUC,0
CCCC(CCC)C(=O)O,UGGAGAGAAAGGCAGUUCCUGA,0
CCCC(CCC)C(=O)O,GCCCAAAGGUGAAUUUUUUGGG,0
CCCC(CCC)C(=O)O,CAAAGAAUUCUCCUUUUGGGCU,0
CCCC(CCC)C(=O)O,UCGUGUCUUGUGUUGCAGCCGG,0
CCCC(CCC)C(=O)O,GGCUACAACACAGGACCCGGGC,0
CCCC(CCC)C(=O)O,CUCCCACAUGCAGGGUUUGCA,0
CCCC(CCC)C(=O)O,CAUCCCUUGCAUGGUGGAGGG,0
CCCC(CCC)C(=O)O,ACUGCCCUAAGUGCUCCUUCUGG,0
CCCC(CCC)C(=O)O,UAAGGUGCAUCUAGUGCAGAUAG,0
CCCC(CCC)C(=O)O,UAAGGUGCAUCUAGUGCAGUUAG,0
CCCC(CCC)C(=O)O,CGGCGGGGACGGCGAUUGGUC,0
CCCC(CCC)C(=O)O,CGCAGGGGCCGGGUGCUCACCG,0
CCCC(CCC)C(=O)O,UGAGUGCCGGUGCCUGCCCUG,0
CCCC(CCC)C(=O)O,UGAUAUGUUUGAUAUAUUAGGU,0
CCCC(CCC)C(=O)O,UGAUAUGUUUGAUAUUGGGUUG,0
CCCC(CCC)C(=O)O,GCUGCGCUUGGAUUUCGUCCCC,0
CCCC(CCC)C(=O)O,CAACGGAAUCCCAAAAGCAGCUG,0
CCCC(CCC)C(=O)O,GAGGCAGAAGCAGGAUGACA,0
CCCC(CCC)C(=O)O,CCAGUCCUGUGCCUGCCGCCU,0
CCCC(CCC)C(=O)O,CACCAGGCAUUGUGGUCUCC,0
CCCC(CCC)C(=O)O,UGAGUACCGCCAUGUCUGUUGGG,0
CCCC(CCC)C(=O)O,UCUGCCCCCUCCGCUGCUGCCA,0
CCCC(CCC)C(=O)O,GGAGGGGUCCCGCACUGGGAGG,0
CCCC(CCC)C(=O)O,CCCUGUGCCCGGCCCACUUCUG,0
CCCC(CCC)C(=O)O,CCCCAGGGCGACGCGGCGGG,0
CCCC(CCC)C(=O)O,ACCUUGCCUUGCUGCCCGGGCC,0
CCCC(CCC)C(=O)O,CUGCCAAUUCCAUAGGUCACAG,0
CCCC(CCC)C(=O)O,CUGACCUAUGAAUUGACAGCC,0
CCCC(CCC)C(=O)O,AACUGGCCUACAAAGUCCCAGU,0
CCCC(CCC)C(=O)O,UGGGUCUUUGCGGGCGAGAUGA,0
CCCC(CCC)C(=O)O,AACUGGCCCUCAAAGUCCCGCU,0
CCCC(CCC)C(=O)O,CGGGGUUUUGAGGGCGAGAUGA,0
CCCC(CCC)C(=O)O,CCAGUGGGGCUGCUGUUAUCUG,0
CCCC(CCC)C(=O)O,UGUAACAGCAACUCCAUGUGGA,0
CCCC(CCC)C(=O)O,CCAAUAUUGGCUGUGCUGCUCC,0
CCCC(CCC)C(=O)O,UAGCAGCACAGAAAUAUUGGC,0
CCCC(CCC)C(=O)O,CGGCAACAAGAAACUGCCUGAG,0
CCCC(CCC)C(=O)O,UAGGUAGUUUCAUGUUGUUGGG,0
CCCC(CCC)C(=O)O,UCGACAGCACGACACUGCCUUC,0
CCCC(CCC)C(=O)O,UAGGUAGUUUCCUGUUGUUGGG,0
CCCC(CCC)C(=O)O,UUCACCACCUUCUCCACCCAGC,0
CCCC(CCC)C(=O)O,CGGGUAGAGAGGGCAGUGGGAGG,0
CCCC(CCC)C(=O)O,UCAGGCCAGGCACAGUGGCUCA,0
CCCC(CCC)C(=O)O,ACCGUGCAAAGGUAGCAUA,0
CCCC(CCC)C(=O)O,CCUCCUGCCCUCCUUGCUGU,0
CCCC(CCC)C(=O)O,GGUCCAGAGGGGAGAUAGGUUC,0
CCCC(CCC)C(=O)O,ACAGUAGUCUGCACAUUGGUUA,0
CCCC(CCC)C(=O)O,CCCAGUGUUCAGACUACCUGUUC,0
CCCC(CCC)C(=O)O,ACAGUAGUCUGCACAUUGGUUA,0
CCCC(CCC)C(=O)O,CCCAGUGUUUAGACUAUCUGUUC,0
CCCC(CCC)C(=O)O,UGUGCAAAUCUAUGCAAAACUGA,0
CCCC(CCC)C(=O)O,AGUUUUGCAUAGUUGCACUACA,0
CCCC(CCC)C(=O)O,AGUUUUGCAGGUUUGCAUCCAGC,0
CCCC(CCC)C(=O)O,UGUGCAAAUCCAUGCAAAACUGA,0
CCCC(CCC)C(=O)O,UAACACUGUCUGGUAACGAUGU,0
CCCC(CCC)C(=O)O,CAUCUUACCGGACAGUGCUGGA,0
CCCC(CCC)C(=O)O,UAAUACUGCCUGGUAAUGAUGA,0
CCCC(CCC)C(=O)O,CAUCUUACUGGGCAGCAUUGGA,0
CCCC(CCC)C(=O)O,UAAUACUGCCGGGUAAUGAUGGA,0
CCCC(CCC)C(=O)O,CGUCUUACCCAGCAGUGUUUGG,0
CCCC(CCC)C(=O)O,AGAGGUAUAGGGCAUGGGAA,0
CCCC(CCC)C(=O)O,UUCCUAUGCAUAUACUUCUUUG,0
CCCC(CCC)C(=O)O,GUGAAAUGUUUAGGACCACUAG,0
CCCC(CCC)C(=O)O,UUGAACUGUUAAGAACCACUGGA,0
CCCC(CCC)C(=O)O,UAGUGGUCCUAAACAUUUCACA,0
CCCC(CCC)C(=O)O,GCUGGGAAGGCAAAGGGACGU,0
CCCC(CCC)C(=O)O,UUCCCUUUGUCAUCCUAUGCCU,0
CCCC(CCC)C(=O)O,GAUUUCAGUGGAGUGAAGUUC,0
CCCC(CCC)C(=O)O,UCCUUCAUUCCACCGGAGUCUG,0
CCCC(CCC)C(=O)O,UGGAAUGUAAGGAAGUGUGUGG,0
CCCC(CCC)C(=O)O,AUAAGACGAGCAAAAAGCUUGU,0
CCCC(CCC)C(=O)O,GAGCUUUUGGCCCGGGUUAUAC,0
CCCC(CCC)C(=O)O,AUAAGACGAACAAAAGGUUUGU,0
CCCC(CCC)C(=O)O,ACUGCAUUAUGAGCACUUAAAG,0
CCCC(CCC)C(=O)O,UAAAGUGCUUAUAGUGCAGGUAG,0
CCCC(CCC)C(=O)O,ACUGUAGUAUGGGCACUUCCAG,0
CCCC(CCC)C(=O)O,CAAAGUGCUCAUAGUGCAGGUAG,0
CCCC(CCC)C(=O)O,CAACACCAGUCGAUGGGCUGU,0
CCCC(CCC)C(=O)O,UAGCUUAUCAGACUGAUGUUGA,0
CCCC(CCC)C(=O)O,CUGUGCGUGUGACAGCGGCUGA,0
CCCC(CCC)C(=O)O,AGCCCCUGCCCACCGCACACUG,0
CCCC(CCC)C(=O)O,GCAGGGACAGCAAAGGGGUGC,0
CCCC(CCC)C(=O)O,UUCCCUUUGUCAUCCUUCGCCU,0
CCCC(CCC)C(=O)O,UUGGGGAAACGGCCGCUGAGUG,0
CCCC(CCC)C(=O)O,AUUUGUGCUUGGCUCUGUCAC,0
CCCC(CCC)C(=O)O,CGAGCCUCAAGCAAGGGACUU,0
CCCC(CCC)C(=O)O,UAGUCCCUUCCUUGAAGCGGUC,0
CCCC(CCC)C(=O)O,CAUCAGAAUUCAUGGAGGCUAG,0
CCCC(CCC)C(=O)O,CCUCCCAUGCCAAGAACUCCC,0
CCCC(CCC)C(=O)O,GGUUCUUAGCAUAGGAGGUCU,0
CCCC(CCC)C(=O)O,UGUUCUCUUUGCCAAGGACAG,0
CCCC(CCC)C(=O)O,UAACAGUCUCCAGUCACGGCC,0
CCCC(CCC)C(=O)O,ACCUUGGCUCUAGACUGCUUACU,0
CCCC(CCC)C(=O)O,ACAGCAGGCACAGACAGGCAGU,0
CCCC(CCC)C(=O)O,UGCCUGUCUACACUUGCUGUGC,0
CCCC(CCC)C(=O)O,UCUGUCAUUUCUUUAGGCCAAUA,0
CCCC(CCC)C(=O)O,AUGACCUAUGAAUUGACAGAC,0
CCCC(CCC)C(=O)O,UAAUCUCAGCUGGCAACUGUGA,0
CCCC(CCC)C(=O)O,AAAUCUCUGCAGGCAAAUGUGA,0
CCCC(CCC)C(=O)O,UACUGCAUCAGGAACUGAUUGGA,0
CCCC(CCC)C(=O)O,AUGGUUCCGUCAAGCACCAUGG,0
CCCC(CCC)C(=O)O,CAUGGUUCUGUCAAGCACCGCG,0
CCCC(CCC)C(=O)O,UUGUGCUUGAUCUAACCAUGU,0
CCCC(CCC)C(=O)O,AGAGUUGAGUCUGGACGUCCCG,0
CCCC(CCC)C(=O)O,UGAUUGUCCAAACGCAAUUCU,0
CCCC(CCC)C(=O)O,AGAAUUGUGGCUGGACAUCUGU,0
CCCC(CCC)C(=O)O,AGAUGUCCAGCCACAAUUCUCG,0
CCCC(CCC)C(=O)O,AAGCUGCCAGUUGAAGAACUGU,0
CCCC(CCC)C(=O)O,AGUUCUUCAGUGGCAAGCUUUA,0
CCCC(CCC)C(=O)O,AGCUACAUUGUCUGCUGGGUUUC,0
CCCC(CCC)C(=O)O,ACCUGGCAUACAAUGUAGAUUU,0
CCCC(CCC)C(=O)O,AGCUACAUCUGGCUACUGGGU,0
CCCC(CCC)C(=O)O,CUCAGUAGCCAGUGUAGAUCCU,0
CCCC(CCC)C(=O)O,UGUCAGUUUGUCAAAUACCCCA,0
CCCC(CCC)C(=O)O,AAAAUGGUGCCCUAGUGACUACA,0
CCCC(CCC)C(=O)O,UCAAGUCACUAGUGGUUCCGUUUAG,0
CCCC(CCC)C(=O)O,UCUGCAAGUGUCAGAGGCGAGG,0
CCCC(CCC)C(=O)O,GCCCUCUGUCACCUUGCAGACG,0
CCCC(CCC)C(=O)O,UGACAGCGCCCUGCCUGGCUC,0
CCCC(CCC)C(=O)O,AGCGCGGGCUGAGCGCUGCCAGUC,0
CCCC(CCC)C(=O)O,GAGAGCAGUGUGUGUUGCCUGG,0
CCCC(CCC)C(=O)O,AUUGUCCUUGCUGUUUGGAGAU,0
CCCC(CCC)C(=O)O,AUCCCCAGAUACAAUGGACAA,0
CCCC(CCC)C(=O)O,UAGGAUGGGGGUGAGAGGUG,0
CCCC(CCC)C(=O)O,AUCACAUUGCCAGGGAUUUCC,0
CCCC(CCC)C(=O)O,GGGGUUCCUGGGGAUGGGAUUU,0
CCCC(CCC)C(=O)O,AUCACAUUGCCAGGGAUUACCAC,0
CCCC(CCC)C(=O)O,UGGGUUCCUGGCAUGCUGAUUU,0
CCCC(CCC)C(=O)O,AUCACAUUGCCAGUGAUUACCC,0
CCCC(CCC)C(=O)O,UGCCUACUGAGCUGAUAUCAGU,0
CCCC(CCC)C(=O)O,UGGCUCAGUUCAGCAGGAACAG,0
CCCC(CCC)C(=O)O,UGCCUACUGAGCUGAAACACAG,0
CCCC(CCC)C(=O)O,AGCAGAGGCAGAGAGGCUCAGG,0
CCCC(CCC)C(=O)O,CAUUGCACUUGUCUCGGUCUGA,0
CCCC(CCC)C(=O)O,AGGCGGAGACUUGGGCAAUUG,0
CCCC(CCC)C(=O)O,CAGGCAGUGACUGUUCAGACGUC,0
CCCC(CCC)C(=O)O,CCUAUUCUUGGUUACUUGCACG,0
CCCC(CCC)C(=O)O,UUCAAGUAAUCCAGGAUAGGCU,0
CCCC(CCC)C(=O)O,CCUAUUCUUGAUUACUUGUUUC,0
CCCC(CCC)C(=O)O,CCUGUUCUCCAUUACUUGGCU,0
CCCC(CCC)C(=O)O,UUCAAGUAAUUCAGGAUAGGU,0
CCCC(CCC)C(=O)O,UUCACAGUGGCUAAGUUCCGC,0
CCCC(CCC)C(=O)O,AGGGCUUAGCUGCUUGUGAGCA,0
CCCC(CCC)C(=O)O,UUCACAGUGGCUAAGUUCUGC,0
CCCC(CCC)C(=O)O,AGAGCUUAGCUGAUUGGUGAAC,0
CCCC(CCC)C(=O)O,CACUAGAUUGUGAGCUCCUGGA,0
CCCC(CCC)C(=O)O,AAGGAGCUCACAGUCUAUUGAG,0
CCCC(CCC)C(=O)O,GGGGCCUGGCGGUGGGCGG,0
CCCC(CCC)C(=O)O,GAGGGUUGGGUGGAGGCUCUCC,0
CCCC(CCC)C(=O)O,AGGGCCCCCCCUCAAUCCUGU,0
CCCC(CCC)C(=O)O,AUGUAUGUGUGCAUGUGCAUG,0
CCCC(CCC)C(=O)O,AGCAGAAGCAGGGAGGUUCUCCCA,0
CCCC(CCC)C(=O)O,UAUGUGGGAUGGUAAACCGCUU,0
CCCC(CCC)C(=O)O,UGGUUUACCGUCCCACAUACAU,0
CCCC(CCC)C(=O)O,UAGCACCAUCUGAAAUCGGUUA,0
CCCC(CCC)C(=O)O,ACUGAUUUCUUUUGGUGUUCAG,0
CCCC(CCC)C(=O)O,GCUGGUUUCAUAUGGUGGUUUAGA,0
CCCC(CCC)C(=O)O,UAGCACCAUUUGAAAUCAGUGUU,0
CCCC(CCC)C(=O)O,CUGGUUUCACAUGGUGGCUUAG,0
CCCC(CCC)C(=O)O,UAGCACCAUUUGAAAUCGGUUA,0
CCCC(CCC)C(=O)O,UGACCGAUUUCUCCUGGUGUUC,0
CCCC(CCC)C(=O)O,UAUACAAGGGCAGACUCUCUCU,0
CCCC(CCC)C(=O)O,CAGUGCAAUAGUAUUGUCAAAGC,0
CCCC(CCC)C(=O)O,GCUCUGACUUUAUUGCACUACU,0
CCCC(CCC)C(=O)O,CAGUGCAAUGAUAUUGUCAAAGC,0
CCCC(CCC)C(=O)O,UAAGUGCUUCCAUGUUUUGGUGA,0
CCCC(CCC)C(=O)O,ACUUAAACGUGGAUGUACUUGCU,0
CCCC(CCC)C(=O)O,UAAGUGCUUCCAUGUUUUAGUAG,0
CCCC(CCC)C(=O)O,ACUUUAACAUGGAAGUGCUUUC,0
CCCC(CCC)C(=O)O,UAAGUGCUUCCAUGUUUCAGUGG,0
CCCC(CCC)C(=O)O,UUUAACAUGGGGGUACCUGCUG,0
CCCC(CCC)C(=O)O,UAAGUGCUUCCAUGUUUGAGUGU,0
CCCC(CCC)C(=O)O,ACUUUAACAUGGAGGCACUUGC,0
CCCC(CCC)C(=O)O,UAAGUGCUUCCAUGCUU,0
CCCC(CCC)C(=O)O,UAAUUGCUUCCAUGUUU,0
CCCC(CCC)C(=O)O,UUGCCACACUGCAACACCUUACA,0
CCCC(CCC)C(=O)O,UCAGCACCAGGAUAUUGUUGGAG,0
CCCC(CCC)C(=O)O,UCAACAAAAUCACUGAUGCUGGA,0
CCCC(CCC)C(=O)O,GAUAUCAGCUCAGUAGGCACCG,0
CCCC(CCC)C(=O)O,CUUUCAGUCGGAUGUUUGCAGC,0
CCCC(CCC)C(=O)O,UGUAAACAUCCUCGACUGGAAG,0
CCCC(CCC)C(=O)O,CUGGGAGGUGGAUGUUUACUUC,0
CCCC(CCC)C(=O)O,UGUAAACAUCCUACACUCAGCU,0
CCCC(CCC)C(=O)O,CUGGGAGAGGGUUGUUUACUCC,0
CCCC(CCC)C(=O)O,UGUAAACAUCCUACACUCUCAGC,0
CCCC(CCC)C(=O)O,CUGGGAGAAGGCUGUUUACUCU,0
CCCC(CCC)C(=O)O,CUUUCAGUCAGAUGUUUGCUGC,0
CCCC(CCC)C(=O)O,UGUAAACAUCCCCGACUGGAAG,0
CCCC(CCC)C(=O)O,CUUUCAGUCGGAUGUUUACAGC,0
CCCC(CCC)C(=O)O,UGUAAACAUCCUUGACUGGAAG,0
CCCC(CCC)C(=O)O,UGCUAUGCCAACAUAUUGCCAU,0
CCCC(CCC)C(=O)O,AGGCAAGAUGCUGGCAUAGCU,0
CCCC(CCC)C(=O)O,AUAUGGGUUUACUAGUUGGU,0
CCCC(CCC)C(=O)O,UGCCUGGAACAUAGUAGGGACU,0
CCCC(CCC)C(=O)O,AUAGGACUCAUAUAGUGCCAG,0
CCCC(CCC)C(=O)O,UGGCUUUUAACUUUGAUGGC,0
CCCC(CCC)C(=O)O,CACAGCAAGUGUAGACAGGCA,0
CCCC(CCC)C(=O)O,GUUGGGACAAGAGGACGGUCUU,0
CCCC(CCC)C(=O)O,CAGAGAAUUGUUUAAUC,0
CCCC(CCC)C(=O)O,ACUUUCCUCACUCCCGUGAAGU,0
CCCC(CCC)C(=O)O,UUCGCGGGCGAAGGCAAAGUC,0
CCCC(CCC)C(=O)O,CAUCUGGCAUCCGUCACACAGA,0
CCCC(CCC)C(=O)O,UGAGGGACAGAUGCCAGAAGCA,0
CCCC(CCC)C(=O)O,AUCAGGGCUUGUGGAAUGGGAAG,0
CCCC(CCC)C(=O)O,UCUGGCAAGUAAAAAACUCUCAU,0
CCCC(CCC)C(=O)O,GCAGUAGUGUAGAGAUUGGUUU,0
CCCC(CCC)C(=O)O,UACCCAGUCUCCGGUGCAGCC,0
CCCC(CCC)C(=O)O,UCGAGGACUGGUGGAAGGGCCUU,0
CCCC(CCC)C(=O)O,UAAAGAACUCUUAAAACCCAAU,0
CCCC(CCC)C(=O)O,UGCCUAGGCUGAGACUGCAGUG,0
CCCC(CCC)C(=O)O,GGCUGGAGCGAGUGCAGUGGUG,0
CCCC(CCC)C(=O)O,UGGCCCAACCUAUUCAGUUAGU,0
CCCC(CCC)C(=O)O,CUGACUGAAUAGGUAGGGUCAUU,0
CCCC(CCC)C(=O)O,UCUGUAGCCUGGGAGCAAUGGGGU,0
CCCC(CCC)C(=O)O,UGUGGACAGUGAGGUAGAGGGAGU,0
CCCC(CCC)C(=O)O,UAGGAGCUCAACAGAUGCCUGUU,0
CCCC(CCC)C(=O)O,GAGGGCGGGUGGAGGAGGA,0
CCCC(CCC)C(=O)O,AAGGCCUUUCUGAACCUUCAGA,0
CCCC(CCC)C(=O)O,AUAACAUUGUAAAGCGCUUCUUUCG,0
CCCC(CCC)C(=O)O,AGGGGACCAAAGAGAUAUAUAG,0
CCCC(CCC)C(=O)O,AGAUAUUUUGAGUGUUUGGAAUUG,0
CCCC(CCC)C(=O)O,AACUCCAAACACUCAAAACUCA,0
CCCC(CCC)C(=O)O,CAUGCUAGGAUAGAAAGAAUGG,0
CCCC(CCC)C(=O)O,GGUUGGGCAGUGAGGAGGGUGUGA,0
CCCC(CCC)C(=O)O,UUUGUAUGGAUAUGUGUGUGUAU,0
CCCC(CCC)C(=O)O,UGAGGAGAUCGUCGAGGUUGG,0
CCCC(CCC)C(=O)O,CAACCUCGAGGAUCUCCCCAGC,0
CCCC(CCC)C(=O)O,CCUGAUCCCACAGCCCACCU,0
CCCC(CCC)C(=O)O,GGGGAAAGCGAGUAGGGACAUUU,0
CCCC(CCC)C(=O)O,CAGAAGGGGAGUUGGGAGCAGA,0
CCCC(CCC)C(=O)O,AAAGAUCUGGAAGUGGGAGACA,0
CCCC(CCC)C(=O)O,CUGCCCUAGUCUAGCUGAAGCU,0
CCCC(CCC)C(=O)O,UUCAGCCAGGCUAGUGCAGUCU,0
CCCC(CCC)C(=O)O,AAGGGCUUCCUCUCUGCAGGAC,0
CCCC(CCC)C(=O)O,CCUGCAGAGAGGAAGCCCUUC,0
CCCC(CCC)C(=O)O,CUGAUAAGAACAGAGGCCCAGAU,0
CCCC(CCC)C(=O)O,UCCCUACCCCUCCACUCCCCA,0
CCCC(CCC)C(=O)O,UUAGGGAGUAGAAGGGUGGGGAG,0
CCCC(CCC)C(=O)O,UAUAAAAUGAGGGCAGUAAGAC,0
CCCC(CCC)C(=O)O,UGUGACUUUAAGGGAAAUGGCG,0
CCCC(CCC)C(=O)O,AGGUGGAUGCAAUGUGACCUCA,0
CCCC(CCC)C(=O)O,AGGAUUUCAGAAAUACUGGUGU,0
CCCC(CCC)C(=O)O,GAGUUCUACAGUCAGAC,0
CCCC(CCC)C(=O)O,UGCCCUGCCUGUUUUCUCCUUU,0
CCCC(CCC)C(=O)O,AAAGGAGGAAAUAGGCAGGCCA,0
CCCC(CCC)C(=O)O,UAGUGAGUUAGAGAUGCAGAGCC,0
CCCC(CCC)C(=O)O,CGGGGAGAGAACGCAGUGACGU,0
CCCC(CCC)C(=O)O,ACUGGCCUGGGACUACCGG,0
CCCC(CCC)C(=O)O,UGCACGGCACUGGGGACACGU,0
CCCC(CCC)C(=O)O,GGGGCGCGGCCGGAUCG,0
CCCC(CCC)C(=O)O,AGAAGGGGUGAAAUUUAAACGU,0
CCCC(CCC)C(=O)O,UGGGGCGGAGCUUCCGGAG,0
CCCC(CCC)C(=O)O,UGGGGCGGAGCUUCCGGAGGCC,0
CCCC(CCC)C(=O)O,CUUCCAGACGCUCCGCCCCACGUCG,0
CCCC(CCC)C(=O)O,AUCGGGCCCUCGGCGCCGG,0
CCCC(CCC)C(=O)O,GCUUCUGUAGUGUAGUC,0
CCCC(CCC)C(=O)O,GCCUCUCUCGGAGUCGCUCGGA,0
CCCC(CCC)C(=O)O,AAAGUCUCGCUCUCUGCCCCUCA,0
CCCC(CCC)C(=O)O,UGAGGGGCCUCAGACCGAGCUUUU,0
CCCC(CCC)C(=O)O,AGAAGAAGGCGGUCGGUCUGCGG,0
CCCC(CCC)C(=O)O,UCACGCGGAGAGAUGGCUUUG,0
CCCC(CCC)C(=O)O,CAGGCGUCUGUCUACGUGGCUU,0
CCCC(CCC)C(=O)O,UUGGCCAUGGGGCUGCGCGG,0
CCCC(CCC)C(=O)O,CCUGGGCAGCGUGUGGCUGAAGG,0
CCCC(CCC)C(=O)O,AGAGGCUUUGUGCGGAUACGGGG,0
CCCC(CCC)C(=O)O,CCCUUGGGUCUGAUGGGGUAG,0
CCCC(CCC)C(=O)O,UCUGGCCAGCUACGUCCCCA,0
CCCC(CCC)C(=O)O,UCCUGCGUAGGAUCUGAGGAGU,0
CCCC(CCC)C(=O)O,AGCUCUGCUGCUCACUGGCAGU,0
CCCC(CCC)C(=O)O,GGCCAGCCACCAGGAGGGCUG,0
CCCC(CCC)C(=O)O,CGCGCCGGGCCCGGGUU,0
CCCC(CCC)C(=O)O,CGGGGCGGCAGGGGCCUC,0
CCCC(CCC)C(=O)O,GGAGGCGCAGGCUCGGAAAGGCG,0
CCCC(CCC)C(=O)O,GUGGAGUCCUGGGGAAUGGAGA,0
CCCC(CCC)C(=O)O,CAAUUUAGUGUGUGUGAUAUUU,0
CCCC(CCC)C(=O)O,UAUUGCACAUUACUAAGUUGCA,0
CCCC(CCC)C(=O)O,CACCUUGCGCUACUCAGGUCUG,0
CCCC(CCC)C(=O)O,AAUCUGAGAAGGCGCACAAGGU,0
CCCC(CCC)C(=O)O,GGGAUAUGAAGAAAAAU,0
CCCC(CCC)C(=O)O,UGGAAGGGAGAAGAGCUUUAAU,0
CCCC(CCC)C(=O)O,AAAAGCUGGGUUGAGAGGGCGA,0
CCCC(CCC)C(=O)O,AAAAGCUGGGUUGAGAGGGCAA,0
CCCC(CCC)C(=O)O,AAAAGCUGGGUUGAGAGGGU,0
CCCC(CCC)C(=O)O,AAAAGCUGGGUUGAGAGGA,0
CCCC(CCC)C(=O)O,AAAGCUGGGUUGAGAAGG,0
CCCC(CCC)C(=O)O,CACAUUACACGGUCGACCUCU,0
CCCC(CCC)C(=O)O,AGGUGGUCCGUGGCGCGUUCGC,0
CCCC(CCC)C(=O)O,CCCAAUACACGGUCGACCUCUU,0
CCCC(CCC)C(=O)O,AGGUUGUCCGUGGUGAGUUCGCA,0
CCCC(CCC)C(=O)O,CCCACUGCCCCAGGUGCUGCUGG,0
CCCC(CCC)C(=O)O,CGCAUCCCCUAGGGCAUUGGUG,0
CCCC(CCC)C(=O)O,CCUAGUAGGUGUCCAGUAAGUGU,0
CCCC(CCC)C(=O)O,CCUCUGGGCCCUUCCUCCAG,0
CCCC(CCC)C(=O)O,CUGGCCCUCUCUGCCCUUCCGU,0
CCCC(CCC)C(=O)O,GGGGGGGCAGGAGGGGCUCAGGG,0
CCCC(CCC)C(=O)O,AACACACCUGGUUAACCUCUUU,0
CCCC(CCC)C(=O)O,GCAAAGCACACGGCCUGCAGAGA,0
CCCC(CCC)C(=O)O,UCUCUGGGCCUGUGUCUUAGGC,0
CCCC(CCC)C(=O)O,GCCCCUGGGCCUAUCCUAGAA,0
CCCC(CCC)C(=O)O,CUAGGUAUGGUCCCAGGGAUCC,0
CCCC(CCC)C(=O)O,UUUUUCAUUAUUGCUCCUGACC,0
CCCC(CCC)C(=O)O,UCAAGAGCAAUAACGAAAAAUGU,0
CCCC(CCC)C(=O)O,CUCCUAUAUGAUGCCUUUCUUC,0
CCCC(CCC)C(=O)O,UCCAGCAUCAGUGAUUUUGUUG,0
CCCC(CCC)C(=O)O,AACAAUAUCCUGGUGCUGAGUG,0
CCCC(CCC)C(=O)O,UGAGCGCCUCGACGACAGAGCCG,0
CCCC(CCC)C(=O)O,UCCCUGUCCUCCAGGAGCUCACG,0
CCCC(CCC)C(=O)O,CAAUGUUUCCACAGUGCAUCAC,0
CCCC(CCC)C(=O)O,GUGCAUUGUAGUUGCAUUGCA,0
CCCC(CCC)C(=O)O,CAGUGCCUCGGCAGUGCAGCCC,0
CCCC(CCC)C(=O)O,GUGCAUUGCUGUUGCAUUGC,0
CCCC(CCC)C(=O)O,UUAUAAAGCAAUGAGACUGAUU,0
CCCC(CCC)C(=O)O,UCCGUCUCAGUUACUUUAUAGC,0
CCCC(CCC)C(=O)O,UCUCACACAGAAAUCGCACCCGU,0
CCCC(CCC)C(=O)O,AGGGGUGCUAUCUGUGAUUGA,0
CCCC(CCC)C(=O)O,GCCCUGAACGAGGGGUCUGGAG,0
CCCC(CCC)C(=O)O,GCUGACUCCUAGUCCAGGGCUC,0
CCCC(CCC)C(=O)O,UGUCUGCCCGCAUGCCUGCCUCU,0
CCCC(CCC)C(=O)O,CAAUCAGCAAGUAUACUGCCCU,0
CCCC(CCC)C(=O)O,UGGCAGUGUCUUAGCUGGUUGU,0
CCCC(CCC)C(=O)O,CAAUCACUAACUCCACUGCCAU,0
CCCC(CCC)C(=O)O,UAGGCAGUGUCAUUAGCUGAUUG,0
CCCC(CCC)C(=O)O,AAUCACUAACCACACGGCCAGG,0
CCCC(CCC)C(=O)O,AGGCAGUGUAGUUAGCUGAUUGC,0
CCCC(CCC)C(=O)O,AACAACAAAAUCACUAGUCUUCCA,0
CCCC(CCC)C(=O)O,UGAGGAUGGAUAGCAAGGAAGCC,0
CCCC(CCC)C(=O)O,CAAAGUGAUGAGUAAUACUGGCUG,0
CCCC(CCC)C(=O)O,UCCCCCAGGUGUGAUUCUGAUUU,0
CCCC(CCC)C(=O)O,UUAUCAGAAUCUCCAGGGGUAC,0
CCCC(CCC)C(=O)O,GAAUCGGAAAGGAGGCGCCG,0
CCCC(CCC)C(=O)O,UUGUGAAGAAAGAAAUUCUUA,0
CCCC(CCC)C(=O)O,ACAAAAAAAAAAGCCCAACCCUUC,0
CCCC(CCC)C(=O)O,UGUUGUACUUUUUUUUUUGUUC,0
CCCC(CCC)C(=O)O,CCACUUGGAUCUGAAGGCUGCCC,0
CCCC(CCC)C(=O)O,UCUCUCGGCUCCUCGCGGCUC,0
CCCC(CCC)C(=O)O,CAUCAGCACCCUAUGUCCUUUCU,0
CCCC(CCC)C(=O)O,AAAGACAUAGUUGCAAGAUGGG,0
CCCC(CCC)C(=O)O,GGGACCAUCCUGCCUGCUGUGG,0
CCCC(CCC)C(=O)O,UCAGCAGGCAGGCUGGUGCAGC,0
CCCC(CCC)C(=O)O,AACACACCUAUUCAAGGAUUCA,0
CCCC(CCC)C(=O)O,AAUCCUUGGAACCUAGGUGUGAGU,0
CCCC(CCC)C(=O)O,UCACCCUGCAUCCCGCACCCAG,0
CCCC(CCC)C(=O)O,GUGGGCUGGGCUGGGCUGGGCC,0
CCCC(CCC)C(=O)O,CGCGGGUCGGGGUCUGCAGG,0
CCCC(CCC)C(=O)O,CAGGCACGGGAGCUCAGGUGAG,0
CCCC(CCC)C(=O)O,AGGCAUGGGAGGUCAGGUGA,0
CCCC(CCC)C(=O)O,AAUUGCACGGUAUCCAUCUGUA,0
CCCC(CCC)C(=O)O,CGGGUGGAUCACGAUGCAAUUU,0
CCCC(CCC)C(=O)O,AAAAUGAAAUGAGCCCAGCCCA,0
CCCC(CCC)C(=O)O,AGCCGCGGGGAUCGCCGAGGG,0
CCCC(CCC)C(=O)O,CAUAGCCCGGUCGCUGGUACAUGA,0
CCCC(CCC)C(=O)O,CGGCUGGAGGUGUGAGGA,0
CCCC(CCC)C(=O)O,GACUGGACAAGCUGAGGAA,0
CCCC(CCC)C(=O)O,GCUUGUCGCUGCGGUGUUGCU,0
CCCC(CCC)C(=O)O,UUUAAGAAAACACCAUGGAGAU,0
CCCC(CCC)C(=O)O,UGAGUGUUGUCUACGAGGGCA,0
CCCC(CCC)C(=O)O,UAAUGCCCCUAAAAAUCCUUAU,0
CCCC(CCC)C(=O)O,AGGGACUUUUGGGGGCAGAUGUG,0
CCCC(CCC)C(=O)O,AGGGACUUUCAGGGGCAGCUGU,0
CCCC(CCC)C(=O)O,ACUGACAGGAGAGCAUUUUGA,0
CCCC(CCC)C(=O)O,UGACCUGGGACUCGGACAGCUG,0
CCCC(CCC)C(=O)O,GAAAAUGAUGAGUAGUGACUGAUG,0
CCCC(CCC)C(=O)O,UGAGCACCACACAGGCCGGGCGC,0
CCCC(CCC)C(=O)O,UCUCAGGAGUAAAGACAGAGUU,0
CCCC(CCC)C(=O)O,AACUCUGUCUUCACUCAUGAGU,0
CCCC(CCC)C(=O)O,AGCAGGUGCGGGGCGGCG,0
CCCC(CCC)C(=O)O,AAUUGCACUUUAGCAAUGGUGA,0
CCCC(CCC)C(=O)O,ACUGUUGCUAAUAUGCAACUCU,0
CCCC(CCC)C(=O)O,AUUGUAGAACCUAAGAUUGGCC,0
CCCC(CCC)C(=O)O,CAUCUCUAAGGAACUCCCCCAA,0
CCCC(CCC)C(=O)O,CUUCCCCCCAGUAAUCUUCAUC,0
CCCC(CCC)C(=O)O,UGAGGAUAUGGCAGGGAAGGGGA,0
CCCC(CCC)C(=O)O,ACACAGUGCUUCAUCCACUACU,0
CCCC(CCC)C(=O)O,UAGUGGAUGAUGCACUCUGUGC,0
CCCC(CCC)C(=O)O,UGAUGAUACAGGUGGAGGUAG,0
CCCC(CCC)C(=O)O,AGUGGCAAAGUCUUUCCAUAU,0
CCCC(CCC)C(=O)O,AAUAAUACAUGGUUGAUCUUU,0
CCCC(CCC)C(=O)O,AGAUCGACCGUGUUAUAUUCGC,0
CCCC(CCC)C(=O)O,AGUGGAUGAUGGAGACUCGGUAC,0
CCCC(CCC)C(=O)O,GCCUGCUGGGGUGGAACCUGGU,0
CCCC(CCC)C(=O)O,CAGGUCACGUCUCUGCAGUUAC,0
CCCC(CCC)C(=O)O,AAGUGCCGCCAUCUUUUGAGUGU,0
CCCC(CCC)C(=O)O,ACUCAAACUGUGGGGGCACU,0
CCCC(CCC)C(=O)O,AAGUGCCCCCACAGUUUGAGUGC,0
CCCC(CCC)C(=O)O,ACUCAAAAGAUGGCGGCACUUU,0
CCCC(CCC)C(=O)O,AAAGUGCUGCGACAUUUGAGCGU,0
CCCC(CCC)C(=O)O,CCUCAAAUGUGGAGCACUAUUCU,0
CCCC(CCC)C(=O)O,GAAGUGCUUCGAUUUUGGGGUGU,0
CCCC(CCC)C(=O)O,ACUCAAAAUGGGGGCGCUUUCC,0
CCCC(CCC)C(=O)O,CUUAUCAGAUUGUAUUGUAAUU,0
CCCC(CCC)C(=O)O,UUAUAAUACAACCUGAUAAGUG,0
CCCC(CCC)C(=O)O,CUUAGCAGGUUGUAUUAUCAUU,0
CCCC(CCC)C(=O)O,AUAUAAUACAACCUGCUAAGUG,0
CCCC(CCC)C(=O)O,AUAAUACAACCUGCUAAGUGCU,0
CCCC(CCC)C(=O)O,UUUGUUCGUUCGGCUCGCGUGA,0
CCCC(CCC)C(=O)O,AUCAUAGAGGAAAAUCCACGU,0
CCCC(CCC)C(=O)O,GUAGAUUCUCCUUCUAUGAGUA,0
CCCC(CCC)C(=O)O,AUCAUAGAGGAAAAUCCAUGUU,0
CCCC(CCC)C(=O)O,AACAUAGAGGAAAUUCCACGU,0
CCCC(CCC)C(=O)O,AUCACACAAAGGCAACUUUUGU,0
CCCC(CCC)C(=O)O,ACUGGACUUGGAGUCAGAAGGC,0
CCCC(CCC)C(=O)O,CUCCUGACUCCAGGUCCUGUGU,0
CCCC(CCC)C(=O)O,ACUGGACUUGGAGGCAGAA,0
CCCC(CCC)C(=O)O,ACUGGACUUGGAGUCAGAAGAGUGG,0
CCCC(CCC)C(=O)O,ACUGGACUUGGAGUCAGAAA,0
CCCC(CCC)C(=O)O,ACUGGACUUGGAGUCAGGA,0
CCCC(CCC)C(=O)O,ACUGGACUUGGAGCCAGAAG,0
CCCC(CCC)C(=O)O,ACUGGGCUUGGAGUCAGAAG,0
CCCC(CCC)C(=O)O,ACUGGACUUGGUGUCAGAUGG,0
CCCC(CCC)C(=O)O,ACUGGACUAGGAGUCAGAAGG,0
CCCC(CCC)C(=O)O,UGGUAGACUAUGGAACGUAGG,0
CCCC(CCC)C(=O)O,UAUGUAAUAUGGUCCACAUCUU,0
CCCC(CCC)C(=O)O,UGGUUGACCAUAGAACAUGCGC,0
CCCC(CCC)C(=O)O,UAUACAAGGGCAAGCUCUCUGU,0
CCCC(CCC)C(=O)O,AAUCAUUCACGGACAACACUU,0
CCCC(CCC)C(=O)O,GAAGUUGUUCGUGGUGGAUUCG,0
CCCC(CCC)C(=O)O,AGAUCAGAAGGUGAUUGUGGCU,0
CCCC(CCC)C(=O)O,AUUCCUAGAAAUUGUUCAUA,0
CCCC(CCC)C(=O)O,AGGUGCUCCAGGCUGGCUCACA,0
CCCC(CCC)C(=O)O,UGUCCUCUAGGGCCUGCAGUCU,0
CCCC(CCC)C(=O)O,AAAGGCAUAAAACCAAGACA,0
CCCC(CCC)C(=O)O,UGUGUGGAUCCUGGAGGAGGCA,0
CCCC(CCC)C(=O)O,UUUGGGACUGAUCUUGAUGUCU,0
CCCC(CCC)C(=O)O,UUGAGGAAAAGAUGGUCUUAUU,0
CCCC(CCC)C(=O)O,GCUCGGACUGAGCAGGUGGG,0
CCCC(CCC)C(=O)O,ACAGGGCCGCAGAUGGAGACU,0
CCCC(CCC)C(=O)O,GCAGAGAACAAAGGACUCAGU,0
CCCC(CCC)C(=O)O,UCUCUGAGUACCAUAUGCCUUGU,0
CCCC(CCC)C(=O)O,UCUGGCCUUGACUUGACUCUUU,0
CCCC(CCC)C(=O)O,ACUCCAGUUUUAGUUCUCUUG,0
CCCC(CCC)C(=O)O,CAGGUAGAUAUUUGAUAGGCAU,0
CCCC(CCC)C(=O)O,GGAGGAACCUUGGAGCUUCGGC,0
CCCC(CCC)C(=O)O,UGAAGCUCUAAGGUUCCGCCUGC,0
CCCC(CCC)C(=O)O,GAGGCUGAUGUGAGUAGACCACU,0
CCCC(CCC)C(=O)O,UGCUCAGGUUGCACAGCUGGGA,0
CCCC(CCC)C(=O)O,UCAGGUGUGGAAACUGAGGCAG,0
CCCC(CCC)C(=O)O,UGUAGAUACGAGCACCAGCCAC,0
CCCC(CCC)C(=O)O,ACAGGCGGCUGUAGCAAUGGGGG,0
CCCC(CCC)C(=O)O,CAGCCCGGAUCCCAGCCCACUU,0
CCCC(CCC)C(=O)O,GUGGGUUGGGGCGGGCUCUG,0
CCCC(CCC)C(=O)O,UUUCAGAUAACAGUAUUACAU,0
CCCC(CCC)C(=O)O,UUCGGGCUGGCCUGCUGCUCCGG,0
CCCC(CCC)C(=O)O,GGCGGCGGCGGAGGCGGGGG,0
CCCC(CCC)C(=O)O,GUGGAAAGCAUGCAUCCAGGGUGU,0
CCCC(CCC)C(=O)O,GAAUGUUGCUCGGUGAACCCCU,0
CCCC(CCC)C(=O)O,AGGUUACCCGAGCAACUUUGCAU,0
CCCC(CCC)C(=O)O,AAUAUAACACAGAUGGCCUGU,0
CCCC(CCC)C(=O)O,UAUGUAACACGGUCCACUAACC,0
CCCC(CCC)C(=O)O,UAGUAGACCGUAUAGCGUACG,0
CCCC(CCC)C(=O)O,ACUUCACCUGGUCCACUAGCCGU,0
CCCC(CCC)C(=O)O,AUCAACAGACAUUAAUUGGGCGC,0
CCCC(CCC)C(=O)O,ACUGGACUUAGGGUCAGAAGGC,0
CCCC(CCC)C(=O)O,AGCUCGGUCUGAGGCCCCUCAGU,0
CCCC(CCC)C(=O)O,UGAGGGGCAGAGAGCGAGACUUU,0
CCCC(CCC)C(=O)O,CAAAACGUGAGGCGCUGCUAU,0
CCCC(CCC)C(=O)O,CAGCAGCAAUUCAUGUUUUGAA,0
CCCC(CCC)C(=O)O,AAUGACACGAUCACUCCCGUUGA,0
CCCC(CCC)C(=O)O,AUCGGGAAUGUCGUGUCCGCCC,0
CCCC(CCC)C(=O)O,CCUGAGAAAAGGGCCAA,0
CCCC(CCC)C(=O)O,GGCCACUGAGUCAGCACCA,0
CCCC(CCC)C(=O)O,AGGGCAUGUCCAGGGGGU,0
CCCC(CCC)C(=O)O,CAGUGUUCAGAGAUGGA,0
CCCC(CCC)C(=O)O,CCAGAGGUGGGGACUGAG,0
CCCC(CCC)C(=O)O,CCCCGCCACCGCCUUGG,0
CCCC(CCC)C(=O)O,CAGUUGGGUCUAGGGGUCAGGA,0
CCCC(CCC)C(=O)O,AGGAAACAGGGACCCA,0
CCCC(CCC)C(=O)O,GACAUUCAGACUACCUG,0
CCCC(CCC)C(=O)O,GGCUCCUCCUCUCAGGAUGUG,0
CCCC(CCC)C(=O)O,GCAGGCACAGACAGCCCUGGC,0
CCCC(CCC)C(=O)O,UCAGGGAGUCAGGGGAGGGC,0
CCCC(CCC)C(=O)O,GGGGGAAGAAAAGGUGGGG,0
CCCC(CCC)C(=O)O,GUGUUCUCUGAUGGACAG,0
CCCC(CCC)C(=O)O,CAGCAGUCCCUCCCCCUG,0
CCCC(CCC)C(=O)O,CCAAUUACCACUUCUUU,0
CCCC(CCC)C(=O)O,GCAGUUCUGAGCACAGUACAC,0
CCCC(CCC)C(=O)O,CUCUCCUCCCGGCUUC,0
CCCC(CCC)C(=O)O,GGGUCCCGGGGAGGGGGG,0
CCCC(CCC)C(=O)O,GGGCUCACAUCACCCCAU,0
CCCC(CCC)C(=O)O,GCGGCGAGUCCGACUCAU,0
CCCC(CCC)C(=O)O,ACCCCACUCCUGGUACC,0
CCCC(CCC)C(=O)O,UUGUCUGCUGAGUUUCC,0
CCCC(CCC)C(=O)O,GCAUUGUGCAGGGCUAUCA,0
CCCC(CCC)C(=O)O,UAAUACUGUCUGGUAAAACCGU,0
CCCC(CCC)C(=O)O,UGCCCUCCUUUCUUCCCUC,0
CCCC(CCC)C(=O)O,UUCAGCAGGAACAGCU,0
CCCC(CCC)C(=O)O,CCCCUGGGCCGGCCUUGG,0
CCCC(CCC)C(=O)O,CAGCCUGACAGGAACAG,0
CCCC(CCC)C(=O)O,GGGAGUCUACAGCAGGG,0
CCCC(CCC)C(=O)O,UGCCUUCCUGUCUGUG,0
CCCC(CCC)C(=O)O,CUGGGACAGGAGGAGGAGGCAG,0
CCCC(CCC)C(=O)O,GCUGGUGACAUGAGAGGC,0
CCCC(CCC)C(=O)O,UCCCACUACUUCACUUGUGA,0
CCCC(CCC)C(=O)O,UUCUGAGCUGAGGACAG,0
CCCC(CCC)C(=O)O,CCGGCAUGUCCAGGGCA,0
CCCC(CCC)C(=O)O,UGGAGAGAAAGGCAGUA,0
CCCC(CCC)C(=O)O,UCCCUGGAGUUUCUUCUU,0
CCCC(CCC)C(=O)O,CAGGUCGUCUUGCAGGGCUUCU,0
CCCC(CCC)C(=O)O,UGUCUUGCAGGCCGUCAUGCA,0
CCCC(CCC)C(=O)O,GCAGCAUUCAUGUCCC,0
CCCC(CCC)C(=O)O,GAAAGAGAGCUGAGUGUG,0
CCCC(CCC)C(=O)O,GGCCUUGUUCCUGUCCCCA,0
CCCC(CCC)C(=O)O,AGCCCCCUGGCCCCAAACCC,0
CCCC(CCC)C(=O)O,CUCUGGGAAAUGGGACAG,0
CCCC(CCC)C(=O)O,CCGCUUUCUGAGCUGGAC,0
CCCC(CCC)C(=O)O,ACAUUGCCAGGGAGUUU,0
CCCC(CCC)C(=O)O,UCCCUGAGCAAAGCCAC,0
CCCC(CCC)C(=O)O,CUGGAUGGCUCCUCCAUGUCU,0
CCCC(CCC)C(=O)O,UCUUGGAGUAGGUCAUUGGGUGG,0
CCCC(CCC)C(=O)O,UUAGCGGUGGACCGCCCUGCG,0
CCCC(CCC)C(=O)O,CUGUGGGCUCAGCGCGUGGGG,0
CCCC(CCC)C(=O)O,CAGCCCCACAGCCUCAGA,0
CCCC(CCC)C(=O)O,CCCUGAGACCCUAACCUUAA,0
CCCC(CCC)C(=O)O,UUGCACUUGUCUCAGUGA,0
CCCC(CCC)C(=O)O,GGCUUGCAUGGGGGACUGG,0
CCCC(CCC)C(=O)O,CCUGAGACCCUAGUUCCAC,0
CCCC(CCC)C(=O)O,AUCAUGAUGGGCUCCUCGGUGU,0
CCCC(CCC)C(=O)O,GUCACUGAUGUCUGUAGCUGAG,0
CCCC(CCC)C(=O)O,AAAAGCAUCAGGAAGUACCCA,0
CCCC(CCC)C(=O)O,AUAGGCACCAAAAAGCAACAA,0
CCCC(CCC)C(=O)O,AGUUGCCUUUUUGUUCCCAUGC,0
CCCC(CCC)C(=O)O,AGAGUUAACUCAAAAUGGACUA,0
CCCC(CCC)C(=O)O,UGUUGGGAUUCAGCAGGACCAU,0
CCCC(CCC)C(=O)O,GAAGAUGGACGUACUUU,0
CCCC(CCC)C(=O)O,UCUGAAUAGAGUCUGAAGAGU,0
CCCC(CCC)C(=O)O,CAAGGAGACGGGAACAUGGAGC,0
CCCC(CCC)C(=O)O,AAAAGCUGGGCUGAGAGGCG,0
CCCC(CCC)C(=O)O,AGGCUGGAGUGAGCGGAG,0
CCCC(CCC)C(=O)O,ACAGGAGUGGGGGUGGGACAU,0
CCCC(CCC)C(=O)O,CGUCCCACCCCCCACUCCUGU,0
CCCC(CCC)C(=O)O,CAGGAGUGGGGGGUGGGACGU,0
CCCC(CCC)C(=O)O,AUGUCCCACCCCCACUCCUGU,0
CCCC(CCC)C(=O)O,GCAGGACAGGCAGAAGUGGAU,0
CCCC(CCC)C(=O)O,GUCCACUUCUGCCUGCCCUGCC,0
CCCC(CCC)C(=O)O,CACAGGCUUAGAAAAGACAGU,0
CCCC(CCC)C(=O)O,UGUCGUGGGGCUUGCUGGCUUG,0
CCCC(CCC)C(=O)O,ACAGGGAGGAGAUUGUA,0
CCCC(CCC)C(=O)O,GCCGGACAAGAGGGAGG,0
CCCC(CCC)C(=O)O,UUGGAGGCGUGGGUUUU,0
CCCC(CCC)C(=O)O,CUCGAGUUGGAAGAGGCG,0
CCCC(CCC)C(=O)O,CGUCCCGGGGCUGCGCGAGGCA,0
CCCC(CCC)C(=O)O,CAGGGCUGGCAGUGACAUGGGU,0
CCCC(CCC)C(=O)O,GGUGGGGGCUGUUGUUU,0
CCCC(CCC)C(=O)O,GGCUCCUUGGUCUAGGGGUA,0
CCCC(CCC)C(=O)O,UGGGGAUUUGGAGAAGUGGUGA,0
CCCC(CCC)C(=O)O,UGGUAGAGCUGAGGACA,0
CCCC(CCC)C(=O)O,GGAUCCGAGUCACGGCACCA,0
CCCC(CCC)C(=O)O,AGGGUGUGUGUGUUUUU,0
CCCC(CCC)C(=O)O,CCUGGUGGCUUCCUUUU,0
CCCC(CCC)C(=O)O,AGAGGUAGGUGUGGAAGAA,0
CCCC(CCC)C(=O)O,UGACACGGAGGGUGGCUUGGGAA,0
CCCC(CCC)C(=O)O,GAGACUGGGGUGGGGCC,0
CCCC(CCC)C(=O)O,CUCAAGUAGUCUGACCAGGGGA,0
CCCC(CCC)C(=O)O,GGGUGCGGGCCGGCGGGG,0
CCCC(CCC)C(=O)O,UGGCGGCGGUAGUUAUGGGCUU,0
CCCC(CCC)C(=O)O,GGUGGGGGGUGUUGUUUU,0
CCCC(CCC)C(=O)O,CUAGUGCUCUCCGUUACAAGUA,0
CCCC(CCC)C(=O)O,UUGUGGCUGGUCAUGAGGCUAA,0
CCCC(CCC)C(=O)O,CAGGAAGGAUUUAGGGACAGGC,0
CCCC(CCC)C(=O)O,CUAUUAAGGACAUUUGUGAUUC,0
CCCC(CCC)C(=O)O,GAGGCUGAGCUGAGGAG,0
CCCC(CCC)C(=O)O,CGCGCGGCCGUGCUCGGAGCAG,0
CCCC(CCC)C(=O)O,UUGCAUAUGUAGGAUGUCCCAU,0
CCCC(CCC)C(=O)O,GGGGUGGUCUGUUGUUG,0
CCCC(CCC)C(=O)O,AAAAGGCGGGAGAAGCCCCA,0
CCCC(CCC)C(=O)O,UAACGGCCGCGGUACCCUAA,0
CCCC(CCC)C(=O)O,GCUGGGCGAGGCUGGCA,0
CCCC(CCC)C(=O)O,AGAGCUGGCUGAAGGGCAG,0
CCCC(CCC)C(=O)O,AGGGGGCGGGCUCCGGCG,0
CCCC(CCC)C(=O)O,GGGGCUGGGCGCGCGCC,0
CCCC(CCC)C(=O)O,AAUGUAAACAGGCUUUUUGCU,0
CCCC(CCC)C(=O)O,CUCCGGGACGGCUGGGC,0
CCCC(CCC)C(=O)O,UGGGCUGGCAGGGCAAGUGCUG,0
CCCC(CCC)C(=O)O,UGGCAGUGUAUUGUUAGCUGGU,0
CCCC(CCC)C(=O)O,CAGCCACAACUACCCUGCCACU,0
CCCC(CCC)C(=O)O,AGGCAGUGUAUUGUUAGCUGGC,0
CCCC(CCC)C(=O)O,UAGGCAGUGUAUUGCUAGCGGCUGU,0
CCCC(CCC)C(=O)O,UAUGUGACCUCGGAUGAAUCA,0
CCCC(CCC)C(=O)O,GCUGAUGAUGAUGGUGCUGAAG,0
CCCC(CCC)C(=O)O,UUUAAGCAGGAAAUAGAAUUUA,0
CCCC(CCC)C(=O)O,AGGCUGGGCUGGGACGGA,0
CCCC(CCC)C(=O)O,CUGGGUUGGGCUGGGCUGGG,0
CCCC(CCC)C(=O)O,GCGGGGCUGGGCGCGCG,0
CCCC(CCC)C(=O)O,AUUGGGAACAUUUUGCAUGUAU,0
CCCC(CCC)C(=O)O,UUUUGCGAUGUGUUCCUAAUAU,0
CCCC(CCC)C(=O)O,AUUGGGGACAUUUUGCAUUCAU,0
CCCC(CCC)C(=O)O,UUUUGCAAUAUGUUCCUGAAUA,0
CCCC(CCC)C(=O)O,GAAGAACUGUUGCAUUUGCCCU,0
CCCC(CCC)C(=O)O,CAGGGCCUCACUGUAUCGCCCA,0
CCCC(CCC)C(=O)O,AGACUGACGGCUGGAGGCCCAU,0
CCCC(CCC)C(=O)O,AGGACUGGACUCCCGGCAGCCC,0
CCCC(CCC)C(=O)O,GGGAGAAGGGUCGGGGC,0
CCCC(CCC)C(=O)O,AAACCGUUACCAUUACUGAGUU,0
CCCC(CCC)C(=O)O,UAGCAAGAGAACCAUUACCAUU,0
CCCC(CCC)C(=O)O,AACUGUUUGCAGAGGAAACUGA,0
CCCC(CCC)C(=O)O,GCUAAGGAAGUCCUGUGCUCAG,0
CCCC(CCC)C(=O)O,GGGGGGAUGUGCAUGCUGGUU,0
CCCC(CCC)C(=O)O,AUUGGACUGCUGAUGGCCCGU,0
CCCC(CCC)C(=O)O,CCCAGCAGGACGGGAGCG,0
CCCC(CCC)C(=O)O,UGGAAGGAGGUUGCCGGACGCU,0
CCCC(CCC)C(=O)O,GGAUGGAGGAGGGGUCU,0
CCCC(CCC)C(=O)O,GUGGACCUGGCUGGGAC,0
CCCC(CCC)C(=O)O,UCGUGCAUAUAUCUACCACAU,0
CCCC(CCC)C(=O)O,GCUGAACUGGGCUGAGCUGGGC,0
CCCC(CCC)C(=O)O,UAGUGCAAUAUUGCUUAUAGGGU,0
CCCC(CCC)C(=O)O,GCAGUCCAUGGGCAUAUACAC,0
CCCC(CCC)C(=O)O,UAUGUGCCUUUGGACUACAUCG,0
CCCC(CCC)C(=O)O,GAGGGCAGCGUGGGUGUGGCGGA,0
CCCC(CCC)C(=O)O,CGGCGCGACCGGCCCGGGG,0
CCCC(CCC)C(=O)O,AACUCGUGUUCAAAGCCUUUAG,0
CCCC(CCC)C(=O)O,CCUGGACACCGCUCAGCCGGCCG,0
CCCC(CCC)C(=O)O,UUGCUAAGUAGGCUGAGAUUGA,0
CCCC(CCC)C(=O)O,UGGGCCAGGGAGCAGCUGGUGGG,0
CCCC(CCC)C(=O)O,UGGAGAGAGAAAAGAGACAGAAG,0
CCCC(CCC)C(=O)O,AGACAGUAGUUCUUGCCUGGUU,0
CCCC(CCC)C(=O)O,ACCAGGCAAGAAAUAUUGU,0
CCCC(CCC)C(=O)O,ACUGGGAAGAGGAGCUGAGGGA,0
CCCC(CCC)C(=O)O,UGUGGGACUGCAAAUGGGAG,0
CCCC(CCC)C(=O)O,UCUGAGGCCUGCCUCUCCCCA,0
CCCC(CCC)C(=O)O,UGGGCGAGGGGUGGGCUCUCAGAG,0
CCCC(CCC)C(=O)O,UCAGGCCUCUUUCUACCUU,0
CCCC(CCC)C(=O)O,CGGGGUGGGUGAGGUCGGGC,0
CCCC(CCC)C(=O)O,UGGAGUUAAGGGUUGCUUGGAGA,0
CCCC(CCC)C(=O)O,UGUGGGAUCUGGAGGCAUCUGG,0
CCCC(CCC)C(=O)O,ACCCUCGUCAGGUCCCCGGGG,0
CCCC(CCC)C(=O)O,CACCGGGGAUGGCAGAGGGUCG,0
CCCC(CCC)C(=O)O,UGGGCUGAGGGCAGGAGGCCUGU,0
CCCC(CCC)C(=O)O,AAUGUGGAAGUGGUCUGAGGCAU,0
CCCC(CCC)C(=O)O,UUUCUUCUUAGACAUGGCAGCU,0
CCCC(CCC)C(=O)O,AUACACAUACACGCAACACACAU,0
CCCC(CCC)C(=O)O,CAGGAUCCACAGAGCUAGUCCA,0
CCCC(CCC)C(=O)O,AACUAGCUCUGUGGAUCCUGAC,0
CCCC(CCC)C(=O)O,AAAGAUGGACAAUUGGCUAAAU,0
CCCC(CCC)C(=O)O,CUUCCGGUCUGUGAGCCCCGUC,0
CCCC(CCC)C(=O)O,UGGGGUGCCCACUCCGCAAGUU,0
CCCC(CCC)C(=O)O,CUCGGCCGCGGCGCGUAGCCCCCGCC,0
CCCC(CCC)C(=O)O,CUGGGGGACGCGUGAGCGCGAGC,0
CCCC(CCC)C(=O)O,UUGCAUGUCAGAUUGUAAUUCCC,0
CCCC(CCC)C(=O)O,ACUGGGGAGCAGAAGGAGAACC,0
CCCC(CCC)C(=O)O,AGGGAAAAAAAAAAGGAUUUGUC,0
CCCC(CCC)C(=O)O,UGUGUCCGGGAAGUGGAGGAGG,0
CCCC(CCC)C(=O)O,ACCGAAGACUGUGCGCUAAUCU,0
CCCC(CCC)C(=O)O,UUACACAGCUGGACAGAGGCA,0
CCCC(CCC)C(=O)O,UCCAGGCAGGAGCCGGACUGGA,0
CCCC(CCC)C(=O)O,CUGGGCUCGGGACGCGCGGCU,0
CCCC(CCC)C(=O)O,GGGGCUGUGAUUGACCAGCAGG,0
CCCC(CCC)C(=O)O,CACUGUUUCACCACUGGCUCUU,0
CCCC(CCC)C(=O)O,UCUGUGAGACCAAAGAACUACU,0
CCCC(CCC)C(=O)O,AAGGUAUUGUUCAGACUUAUGA,0
CCCC(CCC)C(=O)O,UGGAGAUCCAGUGCUCGCCCGAU,0
CCCC(CCC)C(=O)O,UGUUGCAAGUCGGUGGAGACGU,0
CCCC(CCC)C(=O)O,CCCAGGGCUUGGAGUGGGGCAAGGUU,0
CCCC(CCC)C(=O)O,UGGCUGUUGGAGGGGGCAGGC,0
CCCC(CCC)C(=O)O,UAGGGGCAGCAGAGGACCUGGG,0
CCCC(CCC)C(=O)O,UUGAGGAGACAUGGUGGGGGCC,0
CCCC(CCC)C(=O)O,GAGCAGGCGAGGCUGGGCUGAA,0
CCCC(CCC)C(=O)O,UGAUCUCACCGCUGCCUCCUUC,0
CCCC(CCC)C(=O)O,CAGGAGGCAGUGGGCGAGCAGG,0
CCCC(CCC)C(=O)O,AGGGGGCGCAGUCACUGACGUG,0
CCCC(CCC)C(=O)O,UCAAAAUGUAGAGGAAGACCCCA,0
CCCC(CCC)C(=O)O,AGAAGAUUGCAGAGUAAGUUCC,0
CCCC(CCC)C(=O)O,CACAGGACUGACUCCUCACCCCAGUG,0
CCCC(CCC)C(=O)O,AUGGGUGAUGGGUGUGGUGU,0
CCCC(CCC)C(=O)O,UUGGCCACCACACCUACCCCUU,0
CCCC(CCC)C(=O)O,UGUAGUUGUAUUGUAUUGCCAC,0
CCCC(CCC)C(=O)O,GACACUAGGCAUGUGAGUGAUU,0
CCCC(CCC)C(=O)O,AGCGGGGAGGAAGUGGGCGCUGCUU,0
CCCC(CCC)C(=O)O,GCCCCGGCGCGGGCGGGUUCUGG,0
CCCC(CCC)C(=O)O,AGCAAGGCGGCAUCUCUCUGAU,0
CCCC(CCC)C(=O)O,AGAGAUGCCGCCUUGCUCCUU,0
CCCC(CCC)C(=O)O,GGGUGAGGGCAGGUGGUU,0
CCCC(CCC)C(=O)O,UGGGAUCCAGACAGUGGGAGAA,0
CCCC(CCC)C(=O)O,UUCUCCCACUACCAGGCUCCCA,0
CCCC(CCC)C(=O)O,CCAACCUAGGUGGUCAGAGUUG,0
CCCC(CCC)C(=O)O,AACUCUGACCCCUUAGGUUGAU,0
CCCC(CCC)C(=O)O,AAGGGGGAAGGAAACAUGGAGA,0
CCCC(CCC)C(=O)O,UCCAUGUUUCCUUCCCCCUUCU,0
CCCC(CCC)C(=O)O,UAGGCCACAGCCACCCAUGUGU,0
CCCC(CCC)C(=O)O,CCUGGCAUAUUUGGUAUAACUU,0
CCCC(CCC)C(=O)O,UGAGGGCUCCAGGUGACGGUGG,0
CCCC(CCC)C(=O)O,ACCUGCCAGCACCUCCCUGCAG,0
CCCC(CCC)C(=O)O,GGCAGGAGGGCUGUGCCAGGUUG,0
CCCC(CCC)C(=O)O,UGGGGAAGGCGUCAGUGUCGGG,0
CCCC(CCC)C(=O)O,AGACCCUGCAGCCUUCCCACC,0
CCCC(CCC)C(=O)O,AGGGCCAGAGGAGCCUGGAGUGG,0
CCCC(CCC)C(=O)O,UGGGAGGGGAGAGGCAGCAAGCA,0
CCCC(CCC)C(=O)O,CUGGCGGAGCCCAUUCCAUGCCA,0
CCCC(CCC)C(=O)O,UGCUGGGGGCCACAUGAGUGUG,0
CCCC(CCC)C(=O)O,GCCCUGACCUGUCCUGUUCUG,0
CCCC(CCC)C(=O)O,UGUAGAGCAGGGAGCAGGAAGCU,0
CCCC(CCC)C(=O)O,GCUGCGGGCUGCGGUCAGGGCG,0
CCCC(CCC)C(=O)O,AAGGGAGGAGGAGCGGAGGGGCCCU,0
CCCC(CCC)C(=O)O,CGGGCUGUCCGGAGGGGUCGGCU,0
CCCC(CCC)C(=O)O,UCAGGCAAAGGGAUAUUUACAGA,0
CCCC(CCC)C(=O)O,UGGCCGGAUGGGACAGGAGGCAU,0
CCCC(CCC)C(=O)O,UGGCCCGGCGACGUCUCACGGUC,0
CCCC(CCC)C(=O)O,UGAGUGGGGCUCCCGGGACGGCG,0
CCCC(CCC)C(=O)O,CCGGUCCCAGGAGAACCUGCAGA,0
CCCC(CCC)C(=O)O,CGCCCCUCCUGCCCCCACAG,0
CCCC(CCC)C(=O)O,UGCGGGGACAGGCCAGGGCAUC,0
CCCC(CCC)C(=O)O,CCUGACCCACCCCCUCCCGCAG,0
CCCC(CCC)C(=O)O,CUCGGGCGGAGGUGGUUGAGUG,0
CCCC(CCC)C(=O)O,UUCUCUUUCUUUAGCCUUGUGU,0
CCCC(CCC)C(=O)O,UGCCCCACCUGCUGACCACCCUC,0
CCCC(CCC)C(=O)O,GUGAGUGGGAGCCGGUGGGGCUG,0
CCCC(CCC)C(=O)O,AGGCAGGGGCUGGUGCUGGGCGGG,0
CCCC(CCC)C(=O)O,CGCCUGCCCAGCCCUCCUGCU,0
CCCC(CCC)C(=O)O,UUAACUCCUUUCACACCCAUGG,0
CCCC(CCC)C(=O)O,AUAGCAAUUGCUCUUUUGGAA,0
CCCC(CCC)C(=O)O,CGCGGGCGCUCCUGGCCGCCGCC,0
CCCC(CCC)C(=O)O,CCAGGAGAUCCAGAGAGAAU,0
CCCC(CCC)C(=O)O,AUUCUCUCUGGAUCCCAUGGAU,0
CCCC(CCC)C(=O)O,UCUGCCAUCCUCCCUCCCCUAC,0
CCCC(CCC)C(=O)O,CUUGCCAUCCUGGUCCACUGCAU,0
CCCC(CCC)C(=O)O,UAGGAGGGAAUAGUAAAAGCAG,0
CCCC(CCC)C(=O)O,CCCCGGUGUUGGGGCGCGUCUGC,0
CCCC(CCC)C(=O)O,AGAGUCGGCGACGCCGCCAGC,0
CCCC(CCC)C(=O)O,UGAAGCCAGCUCUGGUCUGGGC,0
CCCC(CCC)C(=O)O,GAUGCGCCGCCCACUGCCCCGCGC,0
CCCC(CCC)C(=O)O,GCGGGGGUGGCGGCGGCAUCCC,0
CCCC(CCC)C(=O)O,UUACGGACCAGCUAAGGGAGGC,0
CCCC(CCC)C(=O)O,CACACAUAGCAGGUGUAUAUA,0
CCCC(CCC)C(=O)O,UGGAUAUGAUGACUGAAA,0
CCCC(CCC)C(=O)O,UCUGGCUAUCUCACGAGACUGU,0
CCCC(CCC)C(=O)O,UAAAGUGGCAGAGUAUAGACAC,0
CCCC(CCC)C(=O)O,GACAGAGUGCCACUUACUGAA,0
CCCC(CCC)C(=O)O,UUCGGUAUACUUUGUGAAUUGG,0
CCCC(CCC)C(=O)O,CAUCCGUCCGUCUGUCCAC,0
CCCC(CCC)C(=O)O,UAACAUAAUAGUGUGGAUUGA,0
CCCC(CCC)C(=O)O,UCACUCCUCUCCUCCCGUCUU,0
CCCC(CCC)C(=O)O,AAGACGGGAGGAAAGAAGGGAG,0
CCCC(CCC)C(=O)O,UCAGGCUCAGUCCCCUCCCGAU,0
CCCC(CCC)C(=O)O,GUCAUACACGGCUCUCCUCUCU,0
CCCC(CCC)C(=O)O,AGAGGCUGGCCGUGAUGAAUUC,0
CCCC(CCC)C(=O)O,CGGGGCAGCUCAGUACAGGAU,0
CCCC(CCC)C(=O)O,UCCUGUACUGAGCUGCCCCGAG,0
CCCC(CCC)C(=O)O,AAUCAUACAGGGACAUCCAGUU,0
CCCC(CCC)C(=O)O,AAUCGUACAGGGUCAUCCACUU,0
CCCC(CCC)C(=O)O,GUGGUUAUCCCUGUCCUGUUCG,0
CCCC(CCC)C(=O)O,UUGAAAGGCUAUUUCUUGGUC,0
CCCC(CCC)C(=O)O,GUGACAUCACAUAUACGGCAGC,0
CCCC(CCC)C(=O)O,GGUCGUAUGUGUGACGCCAUUU,0
CCCC(CCC)C(=O)O,CAACCUGGAGGACUCCAUGCUG,0
CCCC(CCC)C(=O)O,CCAUGGAUCUCCAGGUGGGU,0
CCCC(CCC)C(=O)O,CUUAUGCAAGAUUCCCUUCUAC,0
CCCC(CCC)C(=O)O,AGUGGGGAACCCUUCCAUGAGG,0
CCCC(CCC)C(=O)O,AGGACCUGCGGGACAAGAUUCUU,0
CCCC(CCC)C(=O)O,UGAAGGUCUACUGUGUGCCAGG,0
CCCC(CCC)C(=O)O,UUGUACAUGGUAGGCUUUCAUU,0
CCCC(CCC)C(=O)O,UGAAACAUACACGGGAAACCUC,0
CCCC(CCC)C(=O)O,AGGUUGUCCGUGUUGUCUUCUCU,0
CCCC(CCC)C(=O)O,AAACAAACAUGGUGCACUUCUU,0
CCCC(CCC)C(=O)O,UGAGUAUUACAUGGCCAAUCUC,0
CCCC(CCC)C(=O)O,CAAACCACACUGUGGUGUUAGA,0
CCCC(CCC)C(=O)O,CAGCAGCACACUGUGGUUUGU,0
CCCC(CCC)C(=O)O,AAAGCACCUCCAGAGCUUGAAGC,0
CCCC(CCC)C(=O)O,UUUCAAGCCAGGGGGCGUUUUUC,0
CCCC(CCC)C(=O)O,AACAUCACAGCAAGUCUGUGCU,0
CCCC(CCC)C(=O)O,UUAAGACUUGCAGUGAUGUUU,0
CCCC(CCC)C(=O)O,UAAUCCUUGCUACCUGGGUGAGA,0
CCCC(CCC)C(=O)O,UCAGGACACUUCUGAACUUGGA,0
CCCC(CCC)C(=O)O,CAGUUCAGAAGUGUUCCUGAGU,0
CCCC(CCC)C(=O)O,UUCUGCCUCUGUCCAGGUCCUU,0
CCCC(CCC)C(=O)O,AGGGCUGGACUCAGCGGCGGAGCU,0
CCCC(CCC)C(=O)O,UGACUGCCUCACUGACCACUU,0
CCCC(CCC)C(=O)O,AAUUUGGUUUCUGAGGCACUUAGU,0
CCCC(CCC)C(=O)O,UCACAACAACCUUGCAGGGUAGA,0
CCCC(CCC)C(=O)O,UGAGGACAGGGCAAAUUCACGA,0
CCCC(CCC)C(=O)O,UUGCCAGGGCAGGAGGUGGAA,0
CCCC(CCC)C(=O)O,CCUGUGCUCCCAGGGCCUCGC,0
CCCC(CCC)C(=O)O,UGAGGCCCUUGGGGCACAGUGG,0
CCCC(CCC)C(=O)O,UUGGACUUUUUCAGAUUUGGGGAU,0
CCCC(CCC)C(=O)O,AUGCACCUGGGCAAGGAUUCUG,0
CCCC(CCC)C(=O)O,GCACCCAGGCAAGGAUUCUG,0
CCCC(CCC)C(=O)O,AAUCCUUGCUACCUGGGU,0
CCCC(CCC)C(=O)O,AAUGCACCCGGGCAAGGAUUCU,0
CCCC(CCC)C(=O)O,AAUCCUUUGUCCCUGGGUGAGA,0
CCCC(CCC)C(=O)O,AGGGGGAUGGCAGAGCAAAAUU,0
CCCC(CCC)C(=O)O,AAUGCACCUGGGCAAGGAUUCA,0
CCCC(CCC)C(=O)O,AUCCUUGCUAUCUGGGUGCUA,0
CCCC(CCC)C(=O)O,GGGGUAUUGUUUCCGCUGCCAGG,0
CCCC(CCC)C(=O)O,UAGCAGCGGGAACAGUUCUGCAG,0
CCCC(CCC)C(=O)O,GGGAGUGCAGGGCAGGGUUUC,0
CCCC(CCC)C(=O)O,AGACCCUGGUCUGCACUCUAUC,0
CCCC(CCC)C(=O)O,UUGCAGCUGCGGUUGUAAGGU,0
CCCC(CCC)C(=O)O,CGUCAACACUUGCUGGUUUCCU,0
CCCC(CCC)C(=O)O,GGGAGCCAGGAAGUAUUGAUGU,0
CCCC(CCC)C(=O)O,UAAGGCACCCUUCUGAGUAGA,0
CCCC(CCC)C(=O)O,UUUUGCACCUUUUGGAGUGAA,0
CCCC(CCC)C(=O)O,UGAUUGUAGCCUUUUGGAGUAGA,0
CCCC(CCC)C(=O)O,UACUCCAGAGGGCGUCACUCAUG,0
CCCC(CCC)C(=O)O,UGAUUGGUACGUCUGUGGGUAG,0
CCCC(CCC)C(=O)O,UACUGCAGACAGUGGCAAUCA,0
CCCC(CCC)C(=O)O,UACUGCAGACGUGGCAAUCAUG,0
CCCC(CCC)C(=O)O,CCGGGGCAGAUUGGUGUAGGGUG,0
CCCC(CCC)C(=O)O,AAUCCACGCUGAGCUUGGCAUC,0
CCCC(CCC)C(=O)O,AGGAAAUGAGGCUGGCUAGGAGC,0
CCCC(CCC)C(=O)O,AAUCAGUGAAUGCCUUGAACCU,0
CCCC(CCC)C(=O)O,UACUCAGGAGAGUGGCAAUCAC,0
CCCC(CCC)C(=O)O,UUCAGAUCCCAGCGGUGCCUCU,0
CCCC(CCC)C(=O)O,AAUGUGUAGCAAAAGACAGA,0
CCCC(CCC)C(=O)O,AAGUGCUGUCAUAGCUGAGGUC,0
CCCC(CCC)C(=O)O,CACUCAGCCUUGAGGGCACUUUC,0
CCCC(CCC)C(=O)O,UAAAUUUCACCUUUCUGAGAAGG,0
CCCC(CCC)C(=O)O,UUCACAGGGAGGUGUCAU,0
CCCC(CCC)C(=O)O,UUCACAAGGAGGUGUCAUUUAU,0
CCCC(CCC)C(=O)O,UUCUCAAGGAGGUGUCGUUUAU,0
CCCC(CCC)C(=O)O,AUUGACACUUCUGUGAGUAGA,0
CCCC(CCC)C(=O)O,AUUGACACCUCUGUGAGUGGA,0
CCCC(CCC)C(=O)O,UUCUCAAGAGGGAGGCAAUCAU,0
CCCC(CCC)C(=O)O,GAGUGCCUUCUUUUGGAGCGUU,0
CCCC(CCC)C(=O)O,UUCUCCAAAAGAAAGCACUUUCUG,0
CCCC(CCC)C(=O)O,UUCUCGAGGAAAGAAGCACUUUC,0
CCCC(CCC)C(=O)O,UGCUUCCUUUCAGAGGGU,0
CCCC(CCC)C(=O)O,AUCUGGAGGUAAGAAGCACUUU,0
CCCC(CCC)C(=O)O,CCUCUAGAUGGAAGCACUGUCU,0
CCCC(CCC)C(=O)O,AUCGUGCAUCCCUUUAGAGUGU,0
CCCC(CCC)C(=O)O,AUCGUGCAUCCCUUUAGAGUGU,0
CCCC(CCC)C(=O)O,AUCGUGCAUCCUUUUAGAGUGU,0
CCCC(CCC)C(=O)O,UGGGAUGAGGGAUUGAAGUGGA,0
CCCC(CCC)C(=O)O,UGCCAACCGUCAGAGCCCAGA,0
CCCC(CCC)C(=O)O,UCUGGGCACAGGCGGAUGGACAGG,0
CCCC(CCC)C(=O)O,GAAAGCGCUUCCCUUUGCUGGA,0
CCCC(CCC)C(=O)O,CUGCAAAGGGAAGCCCUUUC,0
CCCC(CCC)C(=O)O,CAAAGCGCUCCCCUUUAGAGGU,0
CCCC(CCC)C(=O)O,CAAAGCGCUUCUCUUUAGAGUGU,0
CCCC(CCC)C(=O)O,UCUCUGGAGGGAAGCACUUUCUG,0
CCCC(CCC)C(=O)O,CAAAGCGCUUCCCUUUGGAGC,0
CCCC(CCC)C(=O)O,AAAGCGCUUCCCUUCAGAGUG,0
CCCC(CCC)C(=O)O,CUCUAGAGGGAAGCGCUUUCUG,0
CCCC(CCC)C(=O)O,GAAAGCGCUUCUCUUUAGAGG,0
CCCC(CCC)C(=O)O,CUCUAGAGGGAAGCACUUUCUC,0
CCCC(CCC)C(=O)O,UCCUCCUCUACCUCAUCCCAGU,0
CCCC(CCC)C(=O)O,AUCCAGUUCUCUGAGGGGGCU,0
CCCC(CCC)C(=O)O,AGGGAAGGGGACGAGGGUUGGG,0
CCCC(CCC)C(=O)O,AAAGUGCAUCCUUUUAGAGUGU,0
CCCC(CCC)C(=O)O,CUCUAGAGGGAAGCGCUUUCUG,0
CCCC(CCC)C(=O)O,AAAGUGCAUCCUUUUAGAGGUU,0
CCCC(CCC)C(=O)O,CUCUAGAGGGAAGCGCUUUCUG,0
CCCC(CCC)C(=O)O,AAAGUGCAUCUUUUUAGAGGAU,0
CCCC(CCC)C(=O)O,CUCUAGAGGGAAGCGCUUUCUG,0
CCCC(CCC)C(=O)O,CAAAGUGCCUCCCUUUAGAGUG,0
CCCC(CCC)C(=O)O,AAGUGCCUCCUUUUAGAGUGUU,0
CCCC(CCC)C(=O)O,UUCUCCAAAAGGGAGCACUUUC,0
CCCC(CCC)C(=O)O,AAAGUGCUUCCCUUUGGACUGU,0
CCCC(CCC)C(=O)O,CUCCAGAGGGAAGUACUUUCU,0
CCCC(CCC)C(=O)O,AAAGUGCUUCCUUUUAGAGGG,0
CCCC(CCC)C(=O)O,AAAGUGCUUCCUUUUAGAGGGU,0
CCCC(CCC)C(=O)O,CUCUAGAGGGAAGCACUUUCUG,0
CCCC(CCC)C(=O)O,AAAGUGCUUCUCUUUGGUGGGU,0
CCCC(CCC)C(=O)O,CUACAAAGGGAAGCCCUUUC,0
CCCC(CCC)C(=O)O,AAAGUGCUUCCUUUUUGAGGG,0
CCCC(CCC)C(=O)O,AAGUGCUUCCUUUUAGAGGGUU,0
CCCC(CCC)C(=O)O,ACAAAGUGCUUCCCUUUAGAGUGU,0
CCCC(CCC)C(=O)O,ACAAAGUGCUUCCCUUUAGAGU,0
CCCC(CCC)C(=O)O,AACGCACUUCCCUUUAGAGUGU,0
CCCC(CCC)C(=O)O,AAAAUGGUUCCCUUUAGAGUGU,0
CCCC(CCC)C(=O)O,CUCUAGAGGGAAGCGCUUUCUG,0
CCCC(CCC)C(=O)O,GAACGCGCUUCCCUAUAGAGGGU,0
CCCC(CCC)C(=O)O,CUCUAGAGGGAAGCGCUUUCUG,0
CCCC(CCC)C(=O)O,GAAGGCGCUUCCCUUUGGAGU,0
CCCC(CCC)C(=O)O,CUACAAAGGGAAGCACUUUCUC,0
CCCC(CCC)C(=O)O,CUCCAGAGGGAUGCACUUUCU,0
CCCC(CCC)C(=O)O,CUCUAGAGGGAAGCACUUUCUG,0
CCCC(CCC)C(=O)O,GAAAGUGCUUCCUUUUAGAGGC,0
CCCC(CCC)C(=O)O,CUCUUGAGGGAAGCACUUUCUGU,0
CCCC(CCC)C(=O)O,CCUCCCACACCCAAGGCUUGCA,0
CCCC(CCC)C(=O)O,CAUGCCUUGAGUGUAGGACCGU,0
CCCC(CCC)C(=O)O,AUCAUACAAGGACAAUUUCUUU,0
CCCC(CCC)C(=O)O,GGAGAAAUUAUCCUUGGUGUGU,0
CCCC(CCC)C(=O)O,UGGUGGGCACAGAAUCUGGACU,0
CCCC(CCC)C(=O)O,AAAGGAUUCUGCUGUCGGUCCCACU,0
CCCC(CCC)C(=O)O,UGUGACAGAUUGAUAACUGAAA,0
CCCC(CCC)C(=O)O,UCGGGGAUCAUCAUGUCACGAGA,0
CCCC(CCC)C(=O)O,AAACAUUCGCGGUGCACUUCUU,0
CCCC(CCC)C(=O)O,AUUCUGCAUUUUUAGCAAGUUC,0
CCCC(CCC)C(=O)O,ACCUGAGGUUGUGCAUUUCUAA,0
CCCC(CCC)C(=O)O,UCAGCAAACAUUUAUUGUGUGC,0
CCCC(CCC)C(=O)O,UCAGUAAAUGUUUAUUAGAUGA,0
CCCC(CCC)C(=O)O,CAAAACUGGCAAUUACUUUUGC,0
CCCC(CCC)C(=O)O,AAAAACCACAAUUACUUUUGCACCA,0
CCCC(CCC)C(=O)O,AAAAGUAAUUGUGGAUUUUGCU,0
CCCC(CCC)C(=O)O,AAAAGUAAUUGUGGUUUUUG,0
CCCC(CCC)C(=O)O,AAAAGUAAUUGUGGUUUUUG,0
CCCC(CCC)C(=O)O,AAAGGUAAUUGUGGUUUCUGC,0
CCCC(CCC)C(=O)O,AAAAGUGAUUGCAGUGUUUG,0
CCCC(CCC)C(=O)O,UAAAAACUGCAAUUACUUUUA,0
CCCC(CCC)C(=O)O,UGCAAAAGUAAUUGCAGUUUUUG,0
CCCC(CCC)C(=O)O,AAAAGUAAUUGCGGUUUUUGCC,0
CCCC(CCC)C(=O)O,AAAAGUAAUUGCGGUCUUU,0
CCCC(CCC)C(=O)O,GAAAGUAAUUGCUGUUUUUGCC,0
CCCC(CCC)C(=O)O,AAAAGUUAUUGCGGUUUUGGCU,0
CCCC(CCC)C(=O)O,AAAAGUAAUUGUGGUUUUUGC,0
CCCC(CCC)C(=O)O,CAAGAACCUCAGUUGCUUUUGU,0
CCCC(CCC)C(=O)O,AAAAGUAAUUGUGGUUUUGGCC,0
CCCC(CCC)C(=O)O,CAAAAAUCUCAAUUACUUUUGC,0
CCCC(CCC)C(=O)O,AAAAGUAAUUGCGGUUUUUGCC,0
CCCC(CCC)C(=O)O,CAAAAACCACAGUUUCUUUUGC,0
CCCC(CCC)C(=O)O,AAAAGUAAUUGUGGUUUUUGCC,0
CCCC(CCC)C(=O)O,AAAAACUGAGACUACUUUUGCA,0
CCCC(CCC)C(=O)O,AAAAACUGUAAUUACUUUU,0
CCCC(CCC)C(=O)O,AAAAGUAAUCGCGGUUUUUGUC,0
CCCC(CCC)C(=O)O,AAAAGUAAUUGCGGAUUUUGCC,0
CCCC(CCC)C(=O)O,CAAAAACUGCAUUACUUUUGC,0
CCCC(CCC)C(=O)O,AAAAGUAAUUGCGGUCUUUGGU,0
CCCC(CCC)C(=O)O,AAAAGUACUUGCGGAUUUUGCU,0
CCCC(CCC)C(=O)O,CAAAGGUAUUUGUGGUUUUUG,0
CCCC(CCC)C(=O)O,CCAAAACUGCAGUUACUUUUGC,0
CCCC(CCC)C(=O)O,GCUGGUGCAAAAGUAAUGGCGG,0
CCCC(CCC)C(=O)O,AUGGCCAAAACUGCAGUUAUUUU,0
CCCC(CCC)C(=O)O,AAAAACCACAAUUACUUUUGCACCA,0
CCCC(CCC)C(=O)O,UGACAACUAUGGAUGAGCUCU,0
CCCC(CCC)C(=O)O,AGUGCCUGAGGGAGUAAGAGCCC,0
CCCC(CCC)C(=O)O,AGUGCCUGAGGGAGUAAGAG,0
CCCC(CCC)C(=O)O,UGUCUUACUCCCUCAGGCACAU,0
CCCC(CCC)C(=O)O,GCGACCCACUCUUGGUUUCCA,0
CCCC(CCC)C(=O)O,GCGACCCAUACUUGGUUUCAG,0
CCCC(CCC)C(=O)O,GAAAUCAAGCGUGGGUGAGACC,0
CCCC(CCC)C(=O)O,AACAGGUGACUGGUUAGACAA,0
CCCC(CCC)C(=O)O,AAAACGGUGAGAUUUUGUUUU,0
CCCC(CCC)C(=O)O,GCUAGUCCUGACUCAGCCAGU,0
CCCC(CCC)C(=O)O,AGGGUAAGCUGAACCUCUGAU,0
CCCC(CCC)C(=O)O,AUAUUACCAUUAGCUCAUCUUU,0
CCCC(CCC)C(=O)O,GAUGAGCUCAUUGUAAUAUGAG,0
CCCC(CCC)C(=O)O,GUUUGCACGGGUGGGCCUUGUCU,0
CCCC(CCC)C(=O)O,UGAGCUGCUGUACCAAAAU,0
CCCC(CCC)C(=O)O,CACAUAUGAAGUGAGCCAGCAC,0
CCCC(CCC)C(=O)O,UUCCAUGCCUCCUAGAAGUUCC,0
CCCC(CCC)C(=O)O,CUGAAUAGCUGGGACUACAGGU,0
CCCC(CCC)C(=O)O,AAGUCCCACUAAUGCCAGC,0
CCCC(CCC)C(=O)O,ACUGGCAUUAGUGGGACUUUU,0
CCCC(CCC)C(=O)O,UAAAGUAAAUAUGCACCAAAA,0
CCCC(CCC)C(=O)O,UGGGAGCUAAGCUAUGGGUAU,0
CCCC(CCC)C(=O)O,CAAAGUUUAAGAUCCUUGAAGU,0
CCCC(CCC)C(=O)O,AUCAAGGAUCUUAAACUUUGCC,0
CCCC(CCC)C(=O)O,AAAGUAGCUGUACCAUUUGC,0
CCCC(CCC)C(=O)O,AGGUUGACAUACGUUUCCC,0
CCCC(CCC)C(=O)O,AGGCACGGUGUCAGCAGGC,0
CCCC(CCC)C(=O)O,AGUAUGUUCUUCCAGGACAGAAC,0
CCCC(CCC)C(=O)O,AUGUAUAAAUGUAUACACAC,0
CCCC(CCC)C(=O)O,GAGAAAUGCUGGACUAAUCUGC,0
CCCC(CCC)C(=O)O,UACAGAUGCAGAUUCUCUGACUUC,0
CCCC(CCC)C(=O)O,AGUUAAUGAAUCCUGGAAAGU,0
CCCC(CCC)C(=O)O,UCAAGUAGUUUCAUGAUAAAGG,0
CCCC(CCC)C(=O)O,CGAAAACAGCAAUUACCUUUGC,0
CCCC(CCC)C(=O)O,UUAUUGUCACGUUCUGAUU,0
CCCC(CCC)C(=O)O,UGAGUUGGCCAUCUGAGUGAG,0
CCCC(CCC)C(=O)O,GUCCGCUCGGCGGUGGCCCA,0
CCCC(CCC)C(=O)O,CUGAAGUGAUGUGUAACUGAUCAG,0
CCCC(CCC)C(=O)O,GCGGAGAGAGAAUGGGGAGC,0
CCCC(CCC)C(=O)O,CACGCUCAUGCACACACCCACA,0
CCCC(CCC)C(=O)O,UGAGUGUGUGUGUGUGAGUGUGU,0
CCCC(CCC)C(=O)O,GAGCCAGUUGGACAGGAGC,0
CCCC(CCC)C(=O)O,AAGAUGUGGAAAAAUUGGAAUC,0
CCCC(CCC)C(=O)O,AUUCUAAUUUCUCCACGUCUUU,0
CCCC(CCC)C(=O)O,UAGAUAAAAUAUUGGUACCUG,0
CCCC(CCC)C(=O)O,CUUCUUGUGCUCUAGGAUUGU,0
CCCC(CCC)C(=O)O,GGGCUGGGGCGCGGGGAGGU,0
CCCC(CCC)C(=O)O,UUCAUUUGGUAUAAACCGCGAUU,0
CCCC(CCC)C(=O)O,UUGAGAAUGAUGAAUCAUUAGG,0
CCCC(CCC)C(=O)O,UAAUGAUUCAUCAGACUCAGAU,0
CCCC(CCC)C(=O)O,UCUUGUGUUCUCUAGAUCAGU,0
CCCC(CCC)C(=O)O,UAACUGGUUGAACAACUGAACC,0
CCCC(CCC)C(=O)O,UUACAGUUGUUCAACCAGUUACU,0
CCCC(CCC)C(=O)O,CAAAGAGGAAGGUCCCAUUAC,0
CCCC(CCC)C(=O)O,UCAGUUCCAGGCCAACCAGGCU,0
CCCC(CCC)C(=O)O,UUAUGGUUUGCCUGGGACUGAG,0
CCCC(CCC)C(=O)O,UGGGCGUAUCUGUAUGCUA,0
CCCC(CCC)C(=O)O,UAUGCAUUGUAUUUUUAGGUCC,0
CCCC(CCC)C(=O)O,UUUCCAUAGGUGAUGAGUCAC,0
CCCC(CCC)C(=O)O,UUGGCCACAAUGGGUUAGAAC,0
CCCC(CCC)C(=O)O,UGAGAACCACGUCUGCUCUGAG,0
CCCC(CCC)C(=O)O,UCAGAACAAAUGCCGGUUCCCAGA,0
CCCC(CCC)C(=O)O,UAAUUUUAUGUAUAAGCUAGU,0
CCCC(CCC)C(=O)O,GAGCUUAUUCAUAAAAGUGCAG,0
CCCC(CCC)C(=O)O,AGACCAUGGGUUCUCAUUGU,0
CCCC(CCC)C(=O)O,UUGUGUCAAUAUGCGAUGAUGU,0
CCCC(CCC)C(=O)O,UGUCUCUGCUGGGGUUUCU,0
CCCC(CCC)C(=O)O,AGGCACCAGCCAGGCAUUGCUCAGC,0
CCCC(CCC)C(=O)O,GAAGUGUGCCGUGGUGUGUCU,0
CCCC(CCC)C(=O)O,AAGCCUGCCCGGCUCCUCGGG,0
CCCC(CCC)C(=O)O,UGUGUCACUCGAUGACCACUGU,0
CCCC(CCC)C(=O)O,UACGUCAUCGUUGUCAUCGUCA,0
CCCC(CCC)C(=O)O,GUUGUGUCAGUUUAUCAAAC,0
CCCC(CCC)C(=O)O,UGGUCUAGGAUUGUUGGAGGAG,0
CCCC(CCC)C(=O)O,GACACGGGCGACAGCUGCGGCCC,0
CCCC(CCC)C(=O)O,CACACACUGCAAUUACUUUUGC,0
CCCC(CCC)C(=O)O,AGGCUGCGGAAUUCAGGAC,0
CCCC(CCC)C(=O)O,AGAAGGCACUAUGAGAUUUAGA,0
CCCC(CCC)C(=O)O,UAAAUCCCAUGGUGCCUUCUCCU,0
CCCC(CCC)C(=O)O,AAACUACUGAAAAUCAAAGAU,0
CCCC(CCC)C(=O)O,CCUGCGAGUCUCCGGCGGUGG,0
CCCC(CCC)C(=O)O,GGGCUAGGGCCUGCUGCCCCC,0
CCCC(CCC)C(=O)O,ACGGCCCAGGCGGCAUUGGUG,0
CCCC(CCC)C(=O)O,AGCAUGACAGAGGAGAGGUGG,0
CCCC(CCC)C(=O)O,GGGAAGAGCUGUACGGCCUUC,0
CCCC(CCC)C(=O)O,AGGGGUGGUGUUGGGACAGCUCCGU,0
CCCC(CCC)C(=O)O,AAGGGGCUGGGGGAGCACA,0
CCCC(CCC)C(=O)O,AGAGAUGAAGCGGGGGGGCG,0
CCCC(CCC)C(=O)O,GGAGGCCGGGGUGGGGCGGGGCGG,0
CCCC(CCC)C(=O)O,AGGGUGUUUCUCUCAUCUCU,0
CCCC(CCC)C(=O)O,GGGGAGCGAGGGGCGGGGC,0
CCCC(CCC)C(=O)O,UGAGCUAAAUGUGUGCUGGGA,0
CCCC(CCC)C(=O)O,GCGAGGACCCCUCGGGGUCUGAC,0
CCCC(CCC)C(=O)O,GCUGGGCAGGGCUUCUGAGCUCCUU,0
CCCC(CCC)C(=O)O,GGGAAAAGGAAGGGGGAGGA,0
CCCC(CCC)C(=O)O,GCGGAAGGCGGAGCGGCGGA,0
CCCC(CCC)C(=O)O,GUGAAGGCCCGGCGGAGA,0
CCCC(CCC)C(=O)O,UGAGGGAGUGGGUGGGAGG,0
CCCC(CCC)C(=O)O,AGGAAUGUUCCUUCUUUGCC,0
CCCC(CCC)C(=O)O,AGCAGGGCUGGGGAUUGCA,0
CCCC(CCC)C(=O)O,UGAGGGAGGAGGUUGGGUA,0
CCCC(CCC)C(=O)O,UGAGGUGGUAGGAUGUAGA,0
CCCC(CCC)C(=O)O,GAACGCCUGUUCUUGCCAGGUGG,0
CCCC(CCC)C(=O)O,UCCGAGCCUGGGUCUCCCUCUU,0
CCCC(CCC)C(=O)O,GGGGGUCCCCGGUGCUCGGAUC,0
CCCC(CCC)C(=O)O,AGUCAUUGGAGGGUUUGAGCAG,0
CCCC(CCC)C(=O)O,CAGCAGGAGGUGAGGGGAG,0
CCCC(CCC)C(=O)O,AGACUUCCCAUUUGAAGGUGGC,0
CCCC(CCC)C(=O)O,AAACUCUACUUGUCCUUCUGAGU,0
CCCC(CCC)C(=O)O,GACCUGGACAUGUUUGUGCCCAGU,0
CCCC(CCC)C(=O)O,GCUGGGAUUACAGGCAUGAGCC,0
CCCC(CCC)C(=O)O,AUGGAGAUAGAUAUAGAAAU,0
CCCC(CCC)C(=O)O,GGCUAGCAACAGCGCUUACCU,0
CCCC(CCC)C(=O)O,ACAGUCUGCUGAGGUUGGAGC,0
CCCC(CCC)C(=O)O,AUCCCUUGCAGGGGCUGUUGGGU,0
CCCC(CCC)C(=O)O,CACAAGGUAUUGGUAUUACCU,0
CCCC(CCC)C(=O)O,UAGUACCAGUACCUUGUGUUCA,0
CCCC(CCC)C(=O)O,GACUAUAGAACUUUCCCCCUCA,0
CCCC(CCC)C(=O)O,AGGGGGAAAGUUCUAUAGUCC,0
CCCC(CCC)C(=O)O,GUGAGUCUCUAAGAAAAGAGGA,0
CCCC(CCC)C(=O)O,UCUAGUAAGAGUGGCAGUCGA,0
CCCC(CCC)C(=O)O,AUGCUGACAUAUUUACUAGAGG,0
CCCC(CCC)C(=O)O,UGGGUUUACGUUGGGAGAACU,0
CCCC(CCC)C(=O)O,GUUCUCCCAACGUAAGCCCAGC,0
CCCC(CCC)C(=O)O,AGUAUUCUGUACCAGGGAAGGU,0
CCCC(CCC)C(=O)O,AGACCUGGCCCAGACCUCAGC,0
CCCC(CCC)C(=O)O,GUGUCUGCUUCCUGUGGGA,0
CCCC(CCC)C(=O)O,CUAAUAGUAUCUACCACAAUAAA,0
CCCC(CCC)C(=O)O,AACCAGCACCCCAACUUUGGAC,0
CCCC(CCC)C(=O)O,ACUUGGGCACUGAAACAAUGUCC,0
CCCC(CCC)C(=O)O,UGUGCUUGCUCGUCCCGCCCGCA,0
CCCC(CCC)C(=O)O,ACUGGGGGCUUUCGGGCUCUGCGU,0
CCCC(CCC)C(=O)O,AGGGAUCGCGGGCGGGUGGCGGCCU,0
CCCC(CCC)C(=O)O,AUCGCUGCGGUUGCGAGCGCUGU,0
CCCC(CCC)C(=O)O,AUGAUCCAGGAACCUGCCUCU,0
CCCC(CCC)C(=O)O,AAAGACAUAGGAUAGAGUCACCUC,0
CCCC(CCC)C(=O)O,AGACACAUUUGGAGAGGGAACC,0
CCCC(CCC)C(=O)O,GUCCCUCUCCAAAUGUGUCUUG,0
CCCC(CCC)C(=O)O,AGACACAUUUGGAGAGGGACCC,0
CCCC(CCC)C(=O)O,ACUUGUAUGCUAGCUCAGGUAG,0
CCCC(CCC)C(=O)O,AGUGUGGCUUUCUUAGAGC,0
CCCC(CCC)C(=O)O,UCUAGGCUGGUACUGCUGA,0
CCCC(CCC)C(=O)O,GUGGCUGCACUCACUUCCUUC,0
CCCC(CCC)C(=O)O,AAGUGUGCAGGGCACUGGU,0
CCCC(CCC)C(=O)O,AAACCUGUGUUGUUCAAGAGUC,0
CCCC(CCC)C(=O)O,AGGAGGCAGCGCUCUCAGGAC,0
CCCC(CCC)C(=O)O,AGUUGCCAGGGCUGCCUUUGGU,0
CCCC(CCC)C(=O)O,AGCUCUAGAAAGAUUGUUGACC,0
CCCC(CCC)C(=O)O,GGGACUAGGAUGCAGACCUCC,0
CCCC(CCC)C(=O)O,CAAAGUCCUUCCUAUUUUUCCC,0
CCCC(CCC)C(=O)O,UCUAGAAAUGCAUGACCCACC,0
CCCC(CCC)C(=O)O,AAAGGAAAGUGUAUCCUAAAAG,0
CCCC(CCC)C(=O)O,UUUAGGAUAAGCUUGACUUUUG,0
CCCC(CCC)C(=O)O,CCUCACCACCCCUUCUGCCUGCA,0
CCCC(CCC)C(=O)O,UACCAUUAGAAGAGCUGGAAGA,0
CCCC(CCC)C(=O)O,UCAAGUGUCAUCUGUCCCUAG,0
CCCC(CCC)C(=O)O,UUUGGGAUUGACGCCACAUGUCU,0
CCCC(CCC)C(=O)O,UAUGGAGUGGACUUUCAGCUGGC,0
CCCC(CCC)C(=O)O,UCUCUUCAUCUACCCCCCAG,0
CCCC(CCC)C(=O)O,AUCAUGUAUGAUACUGCAAACA,0
CCCC(CCC)C(=O)O,AAUGGCGCCACUAGGGUUGUG,0
CCCC(CCC)C(=O)O,CAACCCUAGGAGAGGGUGCCAUUCA,0
CCCC(CCC)C(=O)O,UUCACUGGAGUUUGUUUCAAUA,0
CCCC(CCC)C(=O)O,GUGUUGAAACAAUCUCUACUG,0
CCCC(CCC)C(=O)O,UAUGUCUGCUGACCAUCACCUU,0
CCCC(CCC)C(=O)O,UGGUGGGCCGCAGAACAUGUGC,0
CCCC(CCC)C(=O)O,AUAAUACAUGGUUAACCUCUUU,0
CCCC(CCC)C(=O)O,AAUAUUAUACAGUCAACCUCU,0
CCCC(CCC)C(=O)O,GGCAGGUUCUCACCCUCUCUAGG,0
CCCC(CCC)C(=O)O,GGCGGAGGGAAGUAGGUCCGUUGGU,0
CCCC(CCC)C(=O)O,CUUGGUUCAGGGAGGGUCCCCA,0
CCCC(CCC)C(=O)O,AGGACCUUCCCUGAACCAAGGA,0
CCCC(CCC)C(=O)O,ACCUCCUGUGUGCAUGGAUUA,0
CCCC(CCC)C(=O)O,UACCCAUUGCAUAUCGGAGUUG,0
CCCC(CCC)C(=O)O,UGCCUGGGUCUCUGGCCUGCGCGU,0
CCCC(CCC)C(=O)O,UCCCACGUUGUGGCCCAGCAG,0
CCCC(CCC)C(=O)O,AGGCGGGGCGCCGCGGGACCGC,0
CCCC(CCC)C(=O)O,GGUGGCCCGGCCGUGCCUGAGG,0
CCCC(CCC)C(=O)O,UAUUCAUUUAUCCCCAGCCUACA,0
CCCC(CCC)C(=O)O,ACUGGCUAGGGAAAAUGAUUGGAU,0
CCCC(CCC)C(=O)O,UUCAUUUGCCUCCCAGCCUACA,0
CCCC(CCC)C(=O)O,UGGGCUAAGGGAGAUGAUUGGGUA,0
CCCC(CCC)C(=O)O,ACCAGGAGGCUGAGGCCCCU,0
CCCC(CCC)C(=O)O,UGUCACUCGGCUCGGCCCACUAC,0
CCCC(CCC)C(=O)O,GUCCCUGAGUGUAUGUGGUG,0
CCCC(CCC)C(=O)O,UCCGGUUCUCAGGGCUCCACC,0
CCCC(CCC)C(=O)O,AGGAAGCCCUGGAGGGGCUGGAG,0
CCCC(CCC)C(=O)O,UCCGAACUCUCCAUUCCUCUGC,0
CCCC(CCC)C(=O)O,UGGGAAUGGGGGUAAGGGCC,0
CCCC(CCC)C(=O)O,UUCCAGCCCUGGUAGGCGCCGCG,0
CCCC(CCC)C(=O)O,UGCAGGGGUCGGGUGGGCCAGG,0
CCCC(CCC)C(=O)O,CUGGGCCCGCGGCGGGCGUGGGG,0
CCCC(CCC)C(=O)O,UCCUGCCACCUCCUCCGCAG,0
CCCC(CCC)C(=O)O,CUCGGGGCAGGCGGCUGGGAGCG,0
CCCC(CCC)C(=O)O,UUGGGAUGGUAGGACCAGAGGGG,0
CCCC(CCC)C(=O)O,UGGGCGAGGGCGGCUGAGCGGC,0
CCCC(CCC)C(=O)O,UAGGGGGUGGCAGGCUGGCC,0
CCCC(CCC)C(=O)O,CCCUUCCCUCACUCUUCUCUCAG,0
CCCC(CCC)C(=O)O,UUGAGGGGAGAAUGAGGUGGAGA,0
CCCC(CCC)C(=O)O,AUUGUUCUGUCUUUCUCCCAG,0
CCCC(CCC)C(=O)O,AAGGGGCAGGGACGGGUGGCCC,0
CCCC(CCC)C(=O)O,UGGGAAAGAGAAAGAACAAGUA,0
CCCC(CCC)C(=O)O,UGGAUGACAGUGGAGGCCU,0
CCCC(CCC)C(=O)O,CCGGGAGAAGGAGGUGGCCUGG,0
CCCC(CCC)C(=O)O,UCCUGCCUUCCUCUGCACCAG,0
CCCC(CCC)C(=O)O,UGUGGGUGGGAAGGACUGGAUU,0
CCCC(CCC)C(=O)O,UCGGGCCUGGGGUUGGGGGAGC,0
CCCC(CCC)C(=O)O,CUGUAUGCCCUCACCGCUCA,0
CCCC(CCC)C(=O)O,UGGUGCGGAGAGGGCCCACAGUG,0
CCCC(CCC)C(=O)O,GGGGGGUGUGGAGCCAGGGGGC,0
CCCC(CCC)C(=O)O,AGGGUGGGGCUGGAGGUGGGGCU,0
CCCC(CCC)C(=O)O,ACUCAUUCUCCUCUGUCCAG,0
CCCC(CCC)C(=O)O,UUGUGGGUGGGCAGAAGUCUGU,0
CCCC(CCC)C(=O)O,CUGUCCUAAGGUUGUUGAGUU,0
CCCC(CCC)C(=O)O,UCUUCAACCUCAGGACUUGCA,0
CCCC(CCC)C(=O)O,ACACUGUCCCCUUCUCCCCAG,0
CCCC(CCC)C(=O)O,UCUGAGAGAGCUCGAUGGCAG,0
CCCC(CCC)C(=O)O,CUCCCCGGCCUCUGCCCCCAG,0
CCCC(CCC)C(=O)O,UCCCAGGGUCUGGUCAGAGUUG,0
CCCC(CCC)C(=O)O,UCACCUGGCUGGCCCGCCCAG,0
CCCC(CCC)C(=O)O,GUGAGGCGGGGCCAGGAGGGUGUGU,0
CCCC(CCC)C(=O)O,CACACAGGAAAAGCGGGGCCCUG,0
CCCC(CCC)C(=O)O,UGGUGGGUGGGGAGGAGAAGUGC,0
CCCC(CCC)C(=O)O,CUCGGGAGGGCAUGGGCCAGGC,0
CCCC(CCC)C(=O)O,UUGCUCCUGACUCUGUGCCCACA,0
CCCC(CCC)C(=O)O,CAACCACCACUGUCUCUCCCCAG,0
CCCC(CCC)C(=O)O,UCUGGGUGCAGUGGGGGUU,0
CCCC(CCC)C(=O)O,UCCACUCUCCUGGCCCCCAG,0
CCCC(CCC)C(=O)O,ACGGGGAGUCAGGCAGUGGUGGA,0
CCCC(CCC)C(=O)O,AGUGGGAGGACAGGAGGCAGGU,0
CCCC(CCC)C(=O)O,CUGGGAGGGGCUGGGUUUGGC,0
CCCC(CCC)C(=O)O,UUGGGAGGGAAGACAGCUGGAGA,0
CCCC(CCC)C(=O)O,UCCCUUGUCUCCUUUCCCUAG,0
CCCC(CCC)C(=O)O,CGGGCCGGAGGUCAAGGGCGU,0
CCCC(CCC)C(=O)O,CACCUUUGUGUCCCCAUCCUGCA,0
CCCC(CCC)C(=O)O,UAGGGGUGGGGGAAUUCAGGGGUGU,0
CCCC(CCC)C(=O)O,UUCCUGGGCUUCUCCUCUGUAG,0
CCCC(CCC)C(=O)O,UCUCACCCCAACUCUGCCCCAG,0
CCCC(CCC)C(=O)O,ACAUCGCCCCACCUUCCCCAG,0
CCCC(CCC)C(=O)O,UGGGAGGGCGUGGAUGAUGGUG,0
CCCC(CCC)C(=O)O,UGACGCCCCUUCUGAUUCUGCCU,0
CCCC(CCC)C(=O)O,GCGGUGGGGCCGGAGGGGCGU,0
CCCC(CCC)C(=O)O,UCUCAGCUGCUGCCCUCUCCAG,0
CCCC(CCC)C(=O)O,UGGCGGGGGUAGAGCUGGCUGC,0
CCCC(CCC)C(=O)O,GUAGGGGCGUCCCGGGCGCGCGGG,0
CCCC(CCC)C(=O)O,GUGAGUGUGGAUUUGGCGGGGUU,0
CCCC(CCC)C(=O)O,CCCCUGGGGCUGGGCAGGCGGA,0
CCCC(CCC)C(=O)O,GUAAGCAGGGGCUCUGGGUGA,0
CCCC(CCC)C(=O)O,CAGGGGGACUGGGGGUGAGC,0
CCCC(CCC)C(=O)O,ACCCCUCGUUUCUUCCCCCAG,0
CCCC(CCC)C(=O)O,UGCAUGACCCUUCCCUCCCCAC,0
CCCC(CCC)C(=O)O,CCAGGGGGAUGGGCGAGCUUGGG,0
CCCC(CCC)C(=O)O,GGGGAGGUGUGCAGGGCUGG,0
CCCC(CCC)C(=O)O,CACCUCUCCUGGCAUCGCCCC,0
CCCC(CCC)C(=O)O,GUAGGUGACAGUCAGGGGCGG,0
CCCC(CCC)C(=O)O,CUAGGUGGGGGGCUUGAAGC,0
CCCC(CCC)C(=O)O,CUGGGGGUGGGGGGCUGGGCGU,0
CCCC(CCC)C(=O)O,UAGGGGGCGGCUUGUGGAGUGU,0
CCCC(CCC)C(=O)O,CAGGCAGGGAGGUGGGACCAUG,0
CCCC(CCC)C(=O)O,UCCCCUGCUCCCUUGUUCCCCAG,0
CCCC(CCC)C(=O)O,AUGGGGACAGGGAUCAGCAUGGC,0
CCCC(CCC)C(=O)O,AUGCAGGCCUGUGUACAGCACU,0
CCCC(CCC)C(=O)O,AUGGGGUGAGAUGGGGAGGAGCAGC,0
CCCC(CCC)C(=O)O,CCGCUCUUCCCCUGACCCCAG,0
CCCC(CCC)C(=O)O,CAGGGGCUGGGGUUUCAGGUUCU,0
CCCC(CCC)C(=O)O,UGGGGCGGGGCAGGUCCCUGC,0
CCCC(CCC)C(=O)O,UCUCUCUGACUCCAUGGCA,0
CCCC(CCC)C(=O)O,UUGUGUGAGUACAGAGAGCAUC,0
CCCC(CCC)C(=O)O,AAGCCUCUGUCCCCACCCCAG,0
CCCC(CCC)C(=O)O,UGCGGCAGAGCUGGGGUCA,0
CCCC(CCC)C(=O)O,GUGCGUGGUGGCUCGAGGCGGGG,0
CCCC(CCC)C(=O)O,UCUCUGGUCUUGCCACCCCAG,0
CCCC(CCC)C(=O)O,GCGCUGACCCGCCUUCUCCGCA,0
CCCC(CCC)C(=O)O,UCAAUAGGAAAGAGGUGGGACCU,0
CCCC(CCC)C(=O)O,UAGGUAGAGUGUGAGGAGGAGGUC,0
CCCC(CCC)C(=O)O,GCCCAGGACUUUGUGCGGGGUG,0
CCCC(CCC)C(=O)O,ACCCCCGGGCAAAGACCUGCAGAU,0
CCCC(CCC)C(=O)O,GUGGUCUCUUGGCCCCCAG,0
CCCC(CCC)C(=O)O,ACCAGCCUGUGUCCACCUCCAG,0
CCCC(CCC)C(=O)O,CCCGGCCGGAACGCCGCACU,0
CCCC(CCC)C(=O)O,GUGCGGAACGCUGGCCGGGGCG,0
CCCC(CCC)C(=O)O,UGGCCCUUUGUACCCCUCCAG,0
CCCC(CCC)C(=O)O,AGACUGACCUUCAACCCCACAG,0
CCCC(CCC)C(=O)O,UACAGCCCUGUGAUCUUUCCAG,0
CCCC(CCC)C(=O)O,CAGCCAGCCCCUGCUCACCCCU,0
CCCC(CCC)C(=O)O,GUGAGGAGGGGCUGGCAGGGAC,0
CCCC(CCC)C(=O)O,ACUGGGCAGGGCUGUGGUGAGU,0
CCCC(CCC)C(=O)O,ACUGGGUAGGUGGGGCUCCAGG,0
CCCC(CCC)C(=O)O,ACACCCUCUUUCCCUACCGCC,0
CCCC(CCC)C(=O)O,UAGGUGGCAGAGGAGGGACUUCA,0
CCCC(CCC)C(=O)O,UGUGUGUGUAGAGGAAGAAGGGA,0
CCCC(CCC)C(=O)O,CAUGGGAGUUCGGGGUGGUUGC,0
CCCC(CCC)C(=O)O,UCUCGCAUCAGGAGGCAAGG,0
CCCC(CCC)C(=O)O,CAGGAAGGAGACAGGCAGUUCA,0
CCCC(CCC)C(=O)O,CCGCCUUCUCUCCUCCCCCAG,0
CCCC(CCC)C(=O)O,UGGUGGAGGAAGAGGGCAGCUC,0
CCCC(CCC)C(=O)O,AGGGAGGGUGUGGUAUGGAUGU,0
CCCC(CCC)C(=O)O,AGAGGCUGAGAAGGUGAUGUUG,0
CCCC(CCC)C(=O)O,AGGGGGGCACUGCGCAAGCAAAGCC,0
CCCC(CCC)C(=O)O,CCCGCAGGUGAGAUGAGGGCU,0
CCCC(CCC)C(=O)O,UGGGGGGACAGAUGGAGAGGACA,0
CCCC(CCC)C(=O)O,AUCUGUCUCGAUUGUUUCCAG,0
CCCC(CCC)C(=O)O,UAAGGAGGGGGAUGAGGGG,0
CCCC(CCC)C(=O)O,UUGCCUGCCCUCUUCCUCCAG,0
CCCC(CCC)C(=O)O,CAACAAAUCACAGUCUGCCAUA,0
CCCC(CCC)C(=O)O,UGGAAGACUAGUGAUUUUGUUGUU,0
CCCC(CCC)C(=O)O,CAACAAAUCCCAGUCUACCUAA,0
CCCC(CCC)C(=O)O,AAGGAGCUUACAAUCUAGCUGGG,0
CCCC(CCC)C(=O)O,UGGGAGGAGGGGAUCUUGGG,0
CCCC(CCC)C(=O)O,UCGGCCUGGGGAGGAGGAAGGG,0
CCCC(CCC)C(=O)O,ACCCGCCCGUCUCCCCACAG,0
CCCC(CCC)C(=O)O,GUGUGGCCGGCAGGCGGGUGG,0
CCCC(CCC)C(=O)O,CUGGGGGGAGGAGACCCUGCU,0
CCCC(CCC)C(=O)O,GGGACCCAGGGAGAGACGUAAG,0
CCCC(CCC)C(=O)O,UGGGGGUGUGGGGAGAGAGAG,0
CCCC(CCC)C(=O)O,UGCAUCACAGCCUUUGGCCCUAG,0
CCCC(CCC)C(=O)O,ACGGGCAGGGCAGUGCACCCUG,0
CCCC(CCC)C(=O)O,CUGGCAGGGGGAGAGGUA,0
CCCC(CCC)C(=O)O,CUACAGGCUGGAAUGGGCUCA,0
CCCC(CCC)C(=O)O,UCUGGUCCUGGACAGGAGGC,0
CCCC(CCC)C(=O)O,UGGCCCAAGACCUCAGACC,0
CCCC(CCC)C(=O)O,UAAAGACUGUAGAGGCAACUGGU,0
CCCC(CCC)C(=O)O,UCUGAGGUGGAACAGCAGC,0
CCCC(CCC)C(=O)O,CUUCCGCCCCGCCGGGCGUCG,0
CCCC(CCC)C(=O)O,CUGUUGCCACUAACCUCAACCU,0
CCCC(CCC)C(=O)O,UGCGGGGCUAGGGCUAACAGCA,0
CCCC(CCC)C(=O)O,UUUGUGACCUGGUCCACUAACC,0
CCCC(CCC)C(=O)O,CGGCUCUGGGUCUGUGGGGA,0
CCCC(CCC)C(=O)O,GCAGCAGGGUGAAACUGACACA,0
CCCC(CCC)C(=O)O,GGGGCUGGGGCCGGGGCCGAGC,0
CCCC(CCC)C(=O)O,GCAGGUGCUCACUUGUCCUCCU,0
CCCC(CCC)C(=O)O,UGGAGGAGAAGGAAGGUGAUG,0
CCCC(CCC)C(=O)O,ACUCCAGCCCCACAGCCUCAGC,0
CCCC(CCC)C(=O)O,AGGAGGAAUUGGUGCUGGUCUU,0
CCCC(CCC)C(=O)O,UCUGCUCAUACCCCAUGGUUUCU,0
CCCC(CCC)C(=O)O,UGCACCAUGGUUGUCUGAGCAUG,0
CCCC(CCC)C(=O)O,CUGGGAUCUCCGGGGUCUUGGUU,0
CCCC(CCC)C(=O)O,UGAGACCUCUGGGUUCUGAGCU,0
CCCC(CCC)C(=O)O,UCCAGUACCACGUGUCAGGGCCA,0
CCCC(CCC)C(=O)O,CGGGGUCGGCGGCGACGUG,0
CCCC(CCC)C(=O)O,AAGGGACAGGGAGGGUCGUGG,0
CCCC(CCC)C(=O)O,CGUGGAGGACGAGGAGGAGGC,0
CCCC(CCC)C(=O)O,GACAAUUGUUGAUCUUGGGCCU,0
CCCC(CCC)C(=O)O,UGAGGUGACCGCAGAUGGGAA,0
CCCC(CCC)C(=O)O,AGGCUGUGAUGCUCUCCUGAGCCC,0
CCCC(CCC)C(=O)O,AUCCUAGUCACGGCACCA,0
CCCC(CCC)C(=O)O,UUCCCAGCCAACGCACCA,0
CCCC(CCC)C(=O)O,CAGUAACAAAGAUUCAUCCUUGU,0
CCCC(CCC)C(=O)O,CCAUGAAGCAGUGGGUAGGAGGAC,0
CCCC(CCC)C(=O)O,UCAAAAUCAGGAGUCGGGGCUU,0
CCCC(CCC)C(=O)O,GGAUGGUUGGGGGCGGUCGGCGU,0
CCCC(CCC)C(=O)O,CGGUGGACUGGAGUGGGUGG,0
CCCC(CCC)C(=O)O,GGCGGCGGGGAGGUAGGCAG,0
CCCC(CCC)C(=O)O,GGAGACUGAUGAGUUCCCGGGA,0
CCCC(CCC)C(=O)O,GCAGGAACUUGUGAGUCUCCU,0
CCCC(CCC)C(=O)O,CUGCCCUGGCCCGAGGGACCGA,0
CCCC(CCC)C(=O)O,CGGCCCCACGCACCAGGGUAAGA,0
CCCC(CCC)C(=O)O,CCUGGAAACACUGAGGUUGUG,0
CCCC(CCC)C(=O)O,UAUACCUCAGUUUUAUCAGGUG,0
CCCC(CCC)C(=O)O,UGGUGGUUUACAAAGUAAUUCA,0
CCCC(CCC)C(=O)O,UGGAUUUCUUUGUGAAUCACCA,0
CCCC(CCC)C(=O)O,UCCUCUUCUCCCUCCUCCCAG,0
CCCC(CCC)C(=O)O,GUAGAGGAGAUGGCGCAGGG,0
CCCC(CCC)C(=O)O,AGGCAGCGGGGUGUAGUGGAUA,0
CCCC(CCC)C(=O)O,UCCAUUACACUACCCUGCCUCU,0
CCCC(CCC)C(=O)O,GUGAACGGGCGCCAUCCCGAGG,0
CCCC(CCC)C(=O)O,UACUCAAAAAGCUGUCAGUCA,0
CCCC(CCC)C(=O)O,UUAAUAUCGGACAACCAUUGU,0
CCCC(CCC)C(=O)O,UGCAACGAACCUGAGCCACUGA,0
CCCC(CCC)C(=O)O,UGCAACUUACCUGAGUCAUUGA,0
CCCC(CCC)C(=O)O,CACUGUGUCCUUUCUGCGUAG,0
CCCC(CCC)C(=O)O,CACUGGCUCCUUUCUGGGUAGA,0
CCCC(CCC)C(=O)O,AUAAAGCUAGAUAACCGAAAGU,0
CCCC(CCC)C(=O)O,UCUUUGGUUAUCUAGCUGUAUGA,0
CCCC(CCC)C(=O)O,GGGGAGCUGUGGAAGCAGUA,0
CCCC(CCC)C(=O)O,CUAGUGAGGGACAGAACCAGGAUUC,0
CCCC(CCC)C(=O)O,GCAGCAGAGAAUAGGACUACGUC,0
CCCC(CCC)C(=O)O,AGAGUCUUGUGAUGUCUUGC,0
CCCC(CCC)C(=O)O,AGGUUGGGAUCGGUUGCAAUGCU,0
CCCC(CCC)C(=O)O,UAUUGCACUUGUCCCGGCCUGU,0
CCCC(CCC)C(=O)O,GGGUGGGGAUUUGUUGCAUUAC,0
CCCC(CCC)C(=O)O,UAUUGCACUCGUCCCGGCCUCC,0
CCCC(CCC)C(=O)O,AGGGACGGGACGCGGUGCAGUG,0
CCCC(CCC)C(=O)O,ACUGCUGAGCUAGCACUUCCCG,0
CCCC(CCC)C(=O)O,CAAAGUGCUGUUCGUGCAGGUAG,0
CCCC(CCC)C(=O)O,UGUGCGCAGGGAGACCUCUCCC,0
CCCC(CCC)C(=O)O,UGUCUACUACUGGAGACACUGG,0
CCCC(CCC)C(=O)O,CCAGUUACCGCUUCCGCUACCGC,0
CCCC(CCC)C(=O)O,ACAGUAGAGGGAGGAAUCGCAG,0
CCCC(CCC)C(=O)O,AUCCGCGCUCUGACUCUCUGCC,0
CCCC(CCC)C(=O)O,GUGAGUCAGGGUGGGGCUGG,0
CCCC(CCC)C(=O)O,UGCCCUUAAAGGUGAACCCAGU,0
CCCC(CCC)C(=O)O,UGGGGAGCUGAGGCUCUGGGGGUG,0
CCCC(CCC)C(=O)O,AAGGCAGGGCCCCCGCUCCCC,0
CCCC(CCC)C(=O)O,CACCCGGCUGUGUGCACAUGUGC,0
CCCC(CCC)C(=O)O,CACAUGGCCGAAACAGAGAAGU,0
CCCC(CCC)C(=O)O,UCUUCUCUGUUUUGGCCAUGUG,0
CCCC(CCC)C(=O)O,AAAUUAUUGUACAUCGGAUGAG,0
CCCC(CCC)C(=O)O,UUCAACGGGUAUUUAUUGAGCA,0
CCCC(CCC)C(=O)O,AAUCAUGUGCAGUGCCAAUAUG,0
CCCC(CCC)C(=O)O,UUUGGCACUAGCACAUUUUUGCU,0
CCCC(CCC)C(=O)O,CUAUACAACUUACUACUUUCCC,0
CCCC(CCC)C(=O)O,UGAGGUAGUAAGUUGUAUUGUU,0
CCCC(CCC)C(=O)O,CAAGCUCGCUUCUAUGGGUCUG,0
CCCC(CCC)C(=O)O,AACCCGUAGAUCCGAUCUUGUG,0
CCCC(CCC)C(=O)O,CAAGCUCGUGUCUGUGGGUCCG,0
CCCC(CCC)C(=O)O,CACCCGUAGAACCGACCUUGCG,0
